concept_id,found_from,concept_name,domain_id,vocabulary_id,standard_concept,lung_cancer_all,lung_cancer_broad,lung_cancer_narrow,small_cell_lung_cancer,lung_cancer_all_prev,lung_cancer_broad_prev,lung_cancer_narrow_prev
3188394,From initial search,ALK polysomy identified in excised malignant neoplasm of lung by molecular methods,Observation,Nebraska Lexicon,S,n,n,n,n,n,n,n
4094874,From initial search,Malignant neoplasm of cartilage of trachea,Condition,SNOMED,S,y,y,y,n,y,y,y
3177432,From initial search,Status of KRAS sequence variant identification in excised malignant neoplasm of lung,Observation,Nebraska Lexicon,S,n,n,n,n,n,n,n
37110034,From initial search,Malignant neoplasm of right upper lobe of lung,Condition,SNOMED,S,y,y,y,n,y,y,y
442139,From initial search,Primary malignant neoplasm of bronchus,Condition,SNOMED,S,y,y,y,n,y,y,y
4246126,From initial search,Primary malignant neoplasm of left upper lobe of lung,Condition,SNOMED,S,y,y,y,n,y,y,y
3190687,From initial search,Status of RET gene rearrangement identification in excised malignant neoplasm of lung by molecular methods,Observation,Nebraska Lexicon,S,n,n,n,n,n,n,n
37110031,From initial search,Malignant neoplasm of lower lobe of right lung,Condition,SNOMED,S,y,y,y,n,y,y,y
37110033,From initial search,Malignant neoplasm of lower lobe of left lung,Condition,SNOMED,S,y,y,y,n,y,y,y
44504990,From initial search,"Neoplasm, malignant of upper lobe, lung",Condition,ICDO3,S,y,y,y,n,y,y,y
4089756,From initial search,Malignant neoplasm of lower lobe of lung,Condition,SNOMED,S,y,y,y,n,y,y,y
4089754,From initial search,Malignant neoplasm of middle lobe of lung,Condition,SNOMED,S,y,y,y,n,y,y,y
4246805,From initial search,Primary malignant neoplasm of bronchus of right upper lobe,Condition,SNOMED,S,y,y,y,n,y,y,y
4179235,From initial search,Family history of malignant neoplasm of lung,Observation,SNOMED,S,n,n,n,n,n,n,n
3187751,From initial search,EGFR nucleotide sequence detected in excised malignant neoplasm of lung,Observation,Nebraska Lexicon,S,n,n,n,n,n,n,n
3188480,From initial search,MET nucleotide sequence variant detected in excised malignant neoplasm of lung,Observation,Nebraska Lexicon,S,n,n,n,n,n,n,n
3175694,From initial search,Status of treatment effect from neoadjuvant therapy on excised malignant lung neoplasm,Observation,Nebraska Lexicon,S,n,n,n,n,n,n,n
3170524,From initial search,Histologic grade of excised malignant neoplasm of lung,Observation,Nebraska Lexicon,S,n,n,n,n,n,n,n
4246027,From initial search,Primary malignant neoplasm of bronchus of left upper lobe,Condition,SNOMED,S,y,y,y,n,y,y,y
4176149,From initial search,Family history of malignant neoplasm of trachea,Observation,SNOMED,S,n,n,n,n,n,n,n
607768,From initial search,Anatomic location directly invaded by primary malignant neoplasm of lung,Observation,SNOMED,S,n,n,n,n,n,n,n
3178614,From initial search,Status of MET nucleotide sequence variant detection in excised malignant neoplasm of lung,Observation,Nebraska Lexicon,S,n,n,n,n,n,n,n
4246148,From initial search,Primary malignant neoplasm of right lower lobe of lung,Condition,SNOMED,S,y,y,y,n,y,y,y
257503,From initial search,Primary malignant neoplasm of main bronchus,Condition,SNOMED,S,y,y,y,n,y,y,y
619299,From initial search,Primary malignant neoplasm of left lung,Condition,SNOMED,S,y,y,y,n,y,y,y
3187950,From initial search,Invasion of pulmonary air spaces by primary malignant neoplasm of lung,Observation,Nebraska Lexicon,S,n,n,n,n,n,n,n
4312567,From initial search,Primary malignant neoplasm of upper lobe of right lung,Condition,SNOMED,S,y,y,y,n,y,y,y
44499479,From initial search,"Neoplasm, malignant of middle lobe, lung",Condition,ICDO3,S,y,y,y,n,y,y,y
45769098,From initial search,Primary malignant epithelial neoplasm of trachea,Condition,SNOMED,S,y,y,y,n,y,y,y
4247727,From initial search,Primary malignant neoplasm of bronchus of right lower lobe,Condition,SNOMED,S,y,y,y,n,y,y,y
3186101,From initial search,ERBB2 sequence variant identified in excised malignant neoplasm of lung,Observation,Nebraska Lexicon,S,n,n,n,n,n,n,n
3184339,From initial search,ALK gene rearrangement identified in excised malignant neoplasm of lung by molecular methods,Observation,Nebraska Lexicon,S,n,n,n,n,n,n,n
4157454,From initial search,"Primary malignant neoplasm of lower lobe, bronchus or lung",Condition,SNOMED,S,y,y,y,n,y,y,y
4095449,From initial search,Malignant neoplasm of mucosa of trachea,Condition,SNOMED,S,y,y,y,n,y,y,y
3178287,From initial search,MET nucleotide sequence detected in excised malignant neoplasm of lung,Observation,Nebraska Lexicon,S,n,n,n,n,n,n,n
3180096,From initial search,Status of EGFR c.2573T>G (L858R) sequence variant detected in excised malignant neoplasm of lung by immunohistochemistry,Observation,Nebraska Lexicon,S,n,n,n,n,n,n,n
3171565,From initial search,KRAS nucleotide sequence detected in excised malignant neoplasm of lung,Observation,Nebraska Lexicon,S,n,n,n,n,n,n,n
258369,From initial search,Primary malignant neoplasm of lung,Condition,SNOMED,S,y,y,y,n,y,y,y
602263,From initial search,Presence of direct invasion by primary malignant neoplasm of lung to lymphatic vessel and/or small blood vessel,Observation,SNOMED,S,n,n,n,n,n,n,n
3181680,From initial search,Status of ERBB2 sequence variant detection in excised malignant neoplasm of lung,Observation,Nebraska Lexicon,S,n,n,n,n,n,n,n
3182182,From initial search,Status of RET polysomy detection in excised malignant neoplasm of lung by molecular methods,Observation,Nebraska Lexicon,S,n,n,n,n,n,n,n
3178226,From initial search,Status of BRAF V600E sequence variant (c.1799T>A) detected in excised malignant neoplasm of lung,Observation,Nebraska Lexicon,S,n,n,n,n,n,n,n
433973,From initial search,Primary malignant neoplasm of bronchus of left lower lobe,Condition,SNOMED,S,y,y,y,n,y,y,y
4246121,From initial search,Primary malignant neoplasm of hilus of lung,Condition,SNOMED,S,y,y,y,n,y,y,y
3181480,From initial search,Status of ALK gene rearrangement identified in excised malignant neoplasm of lung by molecular methods,Observation,Nebraska Lexicon,S,n,n,n,n,n,n,n
602970,From initial search,Histologic grade of primary malignant neoplasm of lung,Observation,SNOMED,S,n,n,n,n,n,n,n
3178657,From initial search,Status of ROS1 gene rearrangement detected in excised malignant neoplasm of lung by molecular methods,Observation,Nebraska Lexicon,S,n,n,n,n,n,n,n
4151250,From initial search,"Malignant neoplasm of upper lobe, bronchus or lung",Condition,SNOMED,S,y,y,y,n,y,y,y
258375,From initial search,Overlapping malignant neoplasm of bronchus and lung,Condition,SNOMED,S,y,y,y,n,y,y,y
3177841,From initial search,Status of EGFR Exon 19 deletion (E746_A750del) )sequence variant detected in excised malignant neoplasm of lung by immunohistochemistry,Observation,Nebraska Lexicon,S,n,n,n,n,n,n,n
601155,From initial search,Primary malignant neoplasm of right main bronchus,Condition,SNOMED,S,y,y,y,n,y,y,y
3168890,From initial search,Status of ROS1 gene polysomy identification in excised malignant neoplasm of lung by molecular methodsros1,Observation,Nebraska Lexicon,S,n,n,n,n,n,n,n
4311501,From initial search,Primary malignant neoplasm of right middle lobe of lung,Condition,SNOMED,S,y,y,y,n,y,y,y
619301,From initial search,Bilateral primary malignant neoplasm of lungs,Condition,SNOMED,S,y,y,y,n,y,y,y
601154,From initial search,Primary malignant neoplasm of left main bronchus,Condition,SNOMED,S,y,y,y,n,y,y,y
3187251,From initial search,Status of ALK protein expression in excised malignant neoplasm of lung by immunohistochemistry,Observation,Nebraska Lexicon,S,n,n,n,n,n,n,n
619300,From initial search,Primary malignant neoplasm of right lung,Condition,SNOMED,S,y,y,y,n,y,y,y
4334322,From initial search,Malignant neoplasm of lower respiratory tract,Condition,SNOMED,S,y,y,y,n,y,y,y
3172048,From initial search,EGFR sequence variant identified in excised malignant neoplasm of lung,Observation,Nebraska Lexicon,S,n,n,n,n,n,n,n
36530340,From initial search,"Neoplasm, malignant of overlapping lesion of lung",Condition,ICDO3,S,y,y,y,n,y,y,y
3187211,From initial search,Histologic type of primary malignant neoplasm of lung,Observation,Nebraska Lexicon,S,n,n,n,n,n,n,n
4092216,From initial search,Malignant neoplasm of upper lobe of lung,Condition,SNOMED,S,y,y,y,n,y,y,y
3185339,From initial search,Histologic focality of excised primary malignant neoplasm of lung,Observation,Nebraska Lexicon,S,n,n,n,n,n,n,n
44504994,From initial search,"Neoplasm, malignant of lower lobe, lung",Condition,ICDO3,S,y,y,y,n,y,y,y
37110032,From initial search,Malignant neoplasm of upper lobe of left lung,Condition,SNOMED,S,y,y,y,n,y,y,y
3175811,From initial search,Status of ALK gene polysomy identified in excised malignant neoplasm of lung by molecular methods,Observation,Nebraska Lexicon,S,n,n,n,n,n,n,n
4246804,From initial search,Primary malignant neoplasm of bronchus of right middle lobe,Condition,SNOMED,S,y,y,y,n,y,y,y
35610239,From initial search,Malignant neoplasm of bronchus or lung,Condition,SNOMED,S,y,y,y,n,y,y,y
3183096,From initial search,BRAF sequence variant identified in excised malignant neoplasm of lung,Observation,Nebraska Lexicon,S,n,n,n,n,n,n,n
3181223,From initial search,ERBB2 nucleotide sequence detected in excised malignant neoplasm of lung,Observation,Nebraska Lexicon,S,n,n,n,n,n,n,n
3185136,From initial search,Status of MET gene amplification detection in excised malignant neoplasm of lung,Observation,Nebraska Lexicon,S,n,n,n,n,n,n,n
3168259,From initial search,KRAS sequence variant identified in excised malignant neoplasm of lung,Observation,Nebraska Lexicon,S,n,n,n,n,n,n,n
432262,From initial search,Primary malignant neoplasm of trachea,Condition,SNOMED,S,y,y,y,n,y,y,y
3185986,From initial search,Status of ROS1 protein expression in excised malignant neoplasm of lung by immunohistochemistry,Observation,Nebraska Lexicon,S,n,n,n,n,n,n,n
4247832,From initial search,Primary malignant neoplasm of lower lobe of left lung,Condition,SNOMED,S,y,y,y,n,y,y,y
3172257,From initial search,Status of BRAF sequence variant detection in excised malignant neoplasm of lung,Observation,Nebraska Lexicon,S,n,n,n,n,n,n,n
619803,From initial search,Histologic type of primary malignant neoplasm of lung,Observation,SNOMED,S,n,n,n,n,n,n,n
36531819,From descendants,"Squamous cell carcinoma, NOS, of overlapping lesion of lung",Condition,ICDO3,S,y,y,y,n,y,y,y
36565274,From descendants,Mucoepidermoid carcinoma of main bronchus,Condition,ICDO3,S,y,y,y,n,y,y,y
36561810,From descendants,"Bronchiolo-alveolar carcinoma, non-mucinous of main bronchus",Condition,ICDO3,S,y,y,y,n,y,y,y
44505029,From descendants,"Mucinous cystadenocarcinoma, NOS, of lung, NOS",Condition,ICDO3,S,y,y,y,n,y,y,y
42511714,From descendants,"Glomus tumor, malignant of middle lobe, lung",Condition,ICDO3,S,n,n,n,n,n,n,n
36525101,From descendants,"Epithelioma, malignant of overlapping lesion of lung",Condition,ICDO3,S,y,y,y,n,y,y,y
44502238,From descendants,"Mucoepidermoid carcinoma of upper lobe, lung",Condition,ICDO3,S,y,y,y,n,y,y,y
44501926,From descendants,"Pleomorphic carcinoma of upper lobe, lung",Condition,ICDO3,S,y,y,y,n,y,y,y
36527609,From descendants,"Adenocarcinoma with cartilaginous and osseous metaplasia of lower lobe, lung",Condition,ICDO3,S,y,y,y,n,y,y,y
44499889,From descendants,"Adenocarcinoma of lung, mixed mucinous and non-mucinous of lower lobe, lung",Condition,ICDO3,S,y,y,y,n,y,y,y
36539223,From descendants,"Polygonal cell carcinoma of middle lobe, lung",Condition,ICDO3,S,y,y,y,n,y,y,y
44500629,From descendants,"Carcinoma, NOS, of middle lobe, lung",Condition,ICDO3,S,y,y,y,n,y,y,y
36563697,From descendants,Carcinoma simplex of overlapping lesion of lung,Condition,ICDO3,S,y,y,y,n,y,y,y
44502676,From descendants,"Carcinoma, NOS, of upper lobe, lung",Condition,ICDO3,S,y,y,y,n,y,y,y
42511824,From descendants,"Adenocarcinoma in situ of lung, mucinous of overlapping lesion of lung",Condition,ICDO3,S,y,y,y,n,y,y,y
36530344,From descendants,Mucoepidermoid carcinoma of overlapping lesion of lung,Condition,ICDO3,S,y,y,y,n,y,y,y
36564790,From descendants,"Solitary fibrous tumor, malignant of overlapping lesion of lung",Condition,ICDO3,S,n,n,n,n,n,n,n
36521617,From descendants,"Adenocarcinoma with squamous metaplasia of lung, NOS",Condition,ICDO3,S,y,y,y,n,y,y,y
36536126,From descendants,"Carcinoma simplex of upper lobe, lung",Condition,ICDO3,S,y,y,y,n,y,y,y
36563281,From descendants,"Carcinoma, anaplastic, NOS, of trachea",Condition,ICDO3,S,y,y,y,n,y,y,y
46272955,From descendants,Primary clear cell adenocarcinoma of lung,Condition,SNOMED,S,y,y,y,n,y,y,y
36561629,From descendants,"Malignant mastocytosis of lower lobe, lung",Condition,ICDO3,S,n,n,n,n,n,n,n
44500712,From descendants,"Combined small cell carcinoma of lower lobe, lung",Condition,ICDO3,S,y,n,n,y,y,n,n
36537460,From descendants,Mixed cell adenocarcinoma of overlapping lesion of lung,Condition,ICDO3,S,y,y,y,n,y,y,y
44500730,From descendants,"Papillary adenocarcinoma, NOS, of main bronchus",Condition,ICDO3,S,y,y,y,n,y,y,y
36558400,From descendants,Hepatoid adenocarcinoma of overlapping lesion of lung,Condition,ICDO3,S,y,y,y,n,y,y,y
4177112,From descendants,Malignant tumor of trachea,Condition,SNOMED,S,y,y,y,n,y,y,y
42512752,From descendants,"Micropapillary carcinoma, NOS, of upper lobe, lung",Condition,ICDO3,S,y,y,y,n,y,y,y
36547678,From descendants,"Cribriform carcinoma, NOS, of main bronchus",Condition,ICDO3,S,y,y,y,n,y,y,y
36558320,From descendants,"Malignant fibrous histiocytoma of middle lobe, lung",Condition,ICDO3,S,n,n,n,n,n,n,n
45768869,From descendants,Primary adenosquamous carcinoma of trachea,Condition,SNOMED,S,y,y,y,n,y,y,y
44500303,From descendants,"Mucin-producing adenocarcinoma of middle lobe, lung",Condition,ICDO3,S,y,y,y,n,y,y,y
4119610,From descendants,Pulmonary tumor embolism,Condition,SNOMED,S,n,n,n,n,n,n,n
36559822,From descendants,"Mesothelioma, malignant of overlapping lesion of lung",Condition,ICDO3,S,y,y,y,n,y,y,y
36560457,From descendants,Basal cell adenocarcinoma of main bronchus,Condition,ICDO3,S,y,y,y,n,y,y,y
36552086,From descendants,"Adenocarcinoma with squamous metaplasia of middle lobe, lung",Condition,ICDO3,S,y,y,y,n,y,y,y
40492938,From descendants,Carcinoma of lung,Condition,SNOMED,S,y,y,y,n,y,y,y
4110591,From descendants,Small cell carcinoma of lung,Condition,SNOMED,S,y,n,n,y,y,n,n
45768922,From descendants,Primary pleomorphic carcinoma of lung,Condition,SNOMED,S,y,y,y,n,y,y,y
36530898,From descendants,"Adenocarcinoid tumor of middle lobe, lung",Condition,ICDO3,S,y,y,y,n,y,y,y
36565111,From descendants,"Carcinoma, anaplastic, NOS, of main bronchus",Condition,ICDO3,S,y,y,y,n,y,y,y
42511673,From descendants,"Minimally invasive adenocarcinoma, non-mucinous of overlapping lesion of lung",Condition,ICDO3,S,y,y,y,n,y,y,y
44501795,From descendants,Adenocarcinoma with mixed subtypes of main bronchus,Condition,ICDO3,S,y,y,y,n,y,y,y
36534932,From descendants,"Basal cell adenocarcinoma of lung, NOS",Condition,ICDO3,S,y,y,y,n,y,y,y
36531120,From descendants,Adenoid cystic carcinoma of overlapping lesion of lung,Condition,ICDO3,S,y,y,y,n,y,y,y
36554642,From descendants,"Squamous cell carcinoma, microinvasive of lung, NOS",Condition,ICDO3,S,y,y,y,n,y,y,y
42511853,From descendants,"Minimally invasive adenocarcinoma, non-mucinous of upper lobe, lung",Condition,ICDO3,S,y,y,y,n,y,y,y
45768919,From descendants,Primary basaloid squamous cell carcinoma of lung,Condition,SNOMED,S,y,y,y,n,y,y,y
44501807,From descendants,"Paraganglioma, NOS, of lung, NOS",Condition,ICDO3,S,n,n,n,n,n,n,n
44502427,From descendants,"Small cell carcinoma, NOS, of upper lobe, lung",Condition,ICDO3,S,y,n,n,y,y,n,n
42512326,From descendants,"Fetal adenocarcinoma of lower lobe, lung",Condition,ICDO3,S,y,y,y,n,y,y,y
42511764,From descendants,Nuclear protein in testis (NUT)-associated carcinoma of main bronchus,Condition,ICDO3,S,n,n,n,n,n,n,n
44499898,From descendants,"Medullary carcinoma, NOS, of lower lobe, lung",Condition,ICDO3,S,y,y,y,n,y,y,y
36549175,From descendants,"Scirrhous adenocarcinoma of middle lobe, lung",Condition,ICDO3,S,y,y,y,n,y,y,y
36525052,From descendants,"Scirrhous adenocarcinoma of upper lobe, lung",Condition,ICDO3,S,y,y,y,n,y,y,y
36545159,From descendants,"Bronchiolo-alveolar carcinoma, non-mucinous of trachea",Condition,ICDO3,S,y,y,y,n,y,y,y
36539497,From descendants,"Scirrhous adenocarcinoma of lung, NOS",Condition,ICDO3,S,y,y,y,n,y,y,y
36549979,From descendants,Adenocarcinoma with cartilaginous and osseous metaplasia of overlapping lesion of lung,Condition,ICDO3,S,y,y,y,n,y,y,y
44502961,From descendants,Adenosquamous carcinoma of main bronchus,Condition,ICDO3,S,y,y,y,n,y,y,y
44499422,From descendants,"Non-small cell carcinoma of upper lobe, lung",Condition,ICDO3,S,y,y,y,n,y,y,y
42512265,From descendants,"Micropapillary carcinoma, NOS, of lower lobe, lung",Condition,ICDO3,S,y,y,y,n,y,y,y
44501438,From descendants,"Lepidic adenocarcinoma of upper lobe, lung",Condition,ICDO3,S,y,y,y,n,y,y,y
45768916,From descendants,Primary adenocarcinoma of lung,Condition,SNOMED,S,y,y,y,n,y,y,y
44501394,From descendants,Papillary squamous cell carcinoma of main bronchus,Condition,ICDO3,S,y,y,y,n,y,y,y
36546742,From descendants,"Adenocarcinoid tumor of lower lobe, lung",Condition,ICDO3,S,y,y,y,n,y,y,y
36529004,From descendants,Adenocarcinoma with squamous metaplasia of main bronchus,Condition,ICDO3,S,y,y,y,n,y,y,y
44499508,From descendants,"Clear cell adenocarcinoma, NOS, of main bronchus",Condition,ICDO3,S,y,y,y,n,y,y,y
4162252,From descendants,"Carcinoma of upper lobe, bronchus or lung",Condition,SNOMED,NA,y,y,y,n,y,y,y
36523265,From descendants,"Basal cell adenocarcinoma of middle lobe, lung",Condition,ICDO3,S,y,y,y,n,y,y,y
36543365,From descendants,"Fibrous mesothelioma, malignant of middle lobe, lung",Condition,ICDO3,S,y,y,y,n,y,y,y
44499866,From descendants,"Pleomorphic carcinoma of lower lobe, lung",Condition,ICDO3,S,y,y,y,n,y,y,y
36565633,From descendants,Lepidic adenocarcinoma of main bronchus,Condition,ICDO3,S,y,y,y,n,y,y,y
42512505,From descendants,"Micropapillary carcinoma, NOS, of lung, NOS",Condition,ICDO3,S,y,y,y,n,y,y,y
443388,From descendants,Malignant tumor of lung,Condition,SNOMED,S,y,y,y,n,y,y,y
36550225,From descendants,"Epithelial-myoepithelial carcinoma of middle lobe, lung",Condition,ICDO3,S,y,y,y,n,y,y,y
36540119,From descendants,Malignant mastocytosis of overlapping lesion of lung,Condition,ICDO3,S,n,n,n,n,n,n,n
45769034,From descendants,Primary mucinous cystadenocarcinoma of lung,Condition,SNOMED,S,y,y,y,n,y,y,y
36552502,From descendants,Epithelial-myoepithelial carcinoma of main bronchus,Condition,ICDO3,S,y,y,y,n,y,y,y
36532368,From descendants,"Granular cell carcinoma of lung, NOS",Condition,ICDO3,S,y,y,y,n,y,y,y
44501794,From descendants,"Alveolar adenocarcinoma of upper lobe, lung",Condition,ICDO3,S,y,y,y,n,y,y,y
45772939,From descendants,Primary mucoepidermoid carcinoma of lung,Condition,SNOMED,S,y,y,y,n,y,y,y
36538432,From descendants,Epithelial-myoepithelial carcinoma of overlapping lesion of lung,Condition,ICDO3,S,y,y,y,n,y,y,y
36550125,From descendants,"Small cell carcinoma, fusiform cell of overlapping lesion of lung",Condition,ICDO3,S,y,n,n,y,y,n,n
44500969,From descendants,"Carcinoma, NOS, of trachea",Condition,ICDO3,S,y,y,y,n,y,y,y
36556450,From descendants,Mucinous adenocarcinoma of overlapping lesion of lung,Condition,ICDO3,S,y,y,y,n,y,y,y
36533557,From descendants,Myoepithelial carcinoma of main bronchus,Condition,ICDO3,S,y,y,y,n,y,y,y
36530787,From descendants,"Teratoma, malignant, NOS, of middle lobe, lung",Condition,ICDO3,S,n,n,n,n,n,n,n
36546410,From descendants,"Superficial spreading adenocarcinoma of middle lobe, lung",Condition,ICDO3,S,y,y,y,n,y,y,y
256646,From descendants,"Primary malignant neoplasm of middle lobe, bronchus or lung",Condition,SNOMED,NA,y,y,y,n,y,y,y
42512380,From descendants,"Minimally invasive adenocarcinoma, mucinous of middle lobe, lung",Condition,ICDO3,S,y,y,y,n,y,y,y
36556677,From descendants,"Epithelioma, malignant of lung, NOS",Condition,ICDO3,S,y,y,y,n,y,y,y
37116436,From descendants,Malignant epithelial neoplasm of bronchus,Condition,SNOMED,S,y,y,y,n,y,y,y
36530722,From descendants,Schneiderian carcinoma of main bronchus,Condition,ICDO3,S,y,y,y,n,y,y,y
44505022,From descendants,"Adenocarcinoma of lung, mucinous of lung, NOS",Condition,ICDO3,S,y,y,y,n,y,y,y
42511643,From descendants,"Adenocarcinoma in situ of lung, mucinous of upper lobe, lung",Condition,ICDO3,S,y,y,y,n,y,y,y
44499010,From descendants,"Squamous cell carcinoma, NOS, of middle lobe, lung",Condition,ICDO3,S,y,y,y,n,y,y,y
44503152,From descendants,"Alveolar adenocarcinoma of middle lobe, lung",Condition,ICDO3,S,y,y,y,n,y,y,y
42512188,From descendants,"Perivascular epithelioid tumor, malignant of middle lobe, lung",Condition,ICDO3,S,n,n,n,n,n,n,n
44502334,From descendants,"Adenocarcinoma of lung, mixed mucinous and non-mucinous of upper lobe, lung",Condition,ICDO3,S,y,y,y,n,y,y,y
36529404,From descendants,"Carcinoma simplex of middle lobe, lung",Condition,ICDO3,S,y,y,y,n,y,y,y
36527914,From descendants,"Teratoma, malignant, NOS, of lower lobe, lung",Condition,ICDO3,S,n,n,n,n,n,n,n
44502176,From descendants,"Papillary adenocarcinoma, NOS, of upper lobe, lung",Condition,ICDO3,S,y,y,y,n,y,y,y
42512281,From descendants,"Ossifying fibromyxoid tumor, malignant of lower lobe, lung",Condition,ICDO3,S,n,n,n,n,n,n,n
36544299,From descendants,"Fibrous mesothelioma, malignant of upper lobe, lung",Condition,ICDO3,S,n,n,n,n,n,n,n
36533515,From descendants,"Papillary carcinoma, NOS, of overlapping lesion of lung",Condition,ICDO3,S,y,y,y,n,y,y,y
4208307,From descendants,Nonsquamous nonsmall cell neoplasm of lung,Condition,SNOMED,S,y,y,y,n,y,y,y
44502159,From descendants,"Small cell carcinoma, NOS, of main bronchus",Condition,ICDO3,S,y,n,n,y,y,n,n
36546260,From descendants,"Carcinoma simplex of lung, NOS",Condition,ICDO3,S,y,y,y,n,y,y,y
36528862,From descendants,"Adenocarcinoma of lung, mucinous of overlapping lesion of lung",Condition,ICDO3,S,y,y,y,n,y,y,y
36517902,From descendants,"Adenocarcinoma of lung, mucinous of main bronchus",Condition,ICDO3,S,y,y,y,n,y,y,y
44505013,From descendants,"Basaloid squamous cell carcinoma of lung, NOS",Condition,ICDO3,S,y,y,y,n,y,y,y
36529938,From descendants,"Mixed cell adenocarcinoma of lung, NOS",Condition,ICDO3,S,y,y,y,n,y,y,y
44501179,From descendants,"Carcinoma, anaplastic, NOS, of middle lobe, lung",Condition,ICDO3,S,y,y,y,n,y,y,y
36561467,From descendants,Cloacogenic carcinoma of main bronchus,Condition,ICDO3,S,y,y,y,n,y,y,y
36560499,From descendants,"Glassy cell carcinoma of lower lobe, lung",Condition,ICDO3,S,y,y,y,n,y,y,y
44502952,From descendants,Mucinous adenocarcinoma of main bronchus,Condition,ICDO3,S,y,y,y,n,y,y,y
44505026,From descendants,"Clear cell adenocarcinoma, NOS, of lung, NOS",Condition,ICDO3,S,y,y,y,n,y,y,y
44505021,From descendants,"Bronchiolo-alveolar carcinoma, non-mucinous of lung, NOS",Condition,ICDO3,S,y,y,y,n,y,y,y
42512758,From descendants,"Fetal adenocarcinoma of upper lobe, lung",Condition,ICDO3,S,y,y,y,n,y,y,y
36541699,From descendants,"Solid carcinoma, NOS, of main bronchus",Condition,ICDO3,S,y,y,y,n,y,y,y
36540691,From descendants,"Basaloid carcinoma of lung, NOS",Condition,ICDO3,S,y,y,y,n,y,y,y
36545324,From descendants,"Epithelial-myoepithelial carcinoma of lower lobe, lung",Condition,ICDO3,S,y,y,y,n,y,y,y
44499007,From descendants,"Papillary carcinoma, NOS, of lower lobe, lung",Condition,ICDO3,S,y,y,y,n,y,y,y
42512867,From descendants,"Minimally invasive adenocarcinoma, mucinous of upper lobe, lung",Condition,ICDO3,S,y,y,y,n,y,y,y
36536786,From descendants,"Glassy cell carcinoma of lung, NOS",Condition,ICDO3,S,y,y,y,n,y,y,y
44505010,From descendants,"Papillary squamous cell carcinoma of lung, NOS",Condition,ICDO3,S,y,y,y,n,y,y,y
44504995,From descendants,"Carcinoma, NOS, of lower lobe, lung",Condition,ICDO3,S,y,y,y,n,y,y,y
4162248,From descendants,"Carcinoma of middle lobe, bronchus or lung",Condition,SNOMED,NA,y,y,y,n,y,y,y
765056,From descendants,Malignant carcinoid tumor of lung,Condition,SNOMED,S,y,y,y,n,y,y,y
36543233,From descendants,"Teratoma, malignant, NOS, of main bronchus",Condition,ICDO3,S,n,n,n,n,n,n,n
44503018,From descendants,"Bronchiolo-alveolar carcinoma, non-mucinous of lower lobe, lung",Condition,ICDO3,S,y,y,y,n,y,y,y
44499900,From descendants,"Adenosquamous carcinoma of upper lobe, lung",Condition,ICDO3,S,y,y,y,n,y,y,y
44500061,From descendants,"Solid carcinoma, NOS, of upper lobe, lung",Condition,ICDO3,S,y,y,y,n,y,y,y
44502943,From descendants,"Papillary adenocarcinoma, NOS, of middle lobe, lung",Condition,ICDO3,S,y,y,y,n,y,y,y
36538858,From descendants,"Schneiderian carcinoma of middle lobe, lung",Condition,ICDO3,S,y,y,y,n,y,y,y
44500359,From descendants,"Lepidic adenocarcinoma of lower lobe, lung",Condition,ICDO3,S,y,y,y,n,y,y,y
44500356,From descendants,"Lepidic adenocarcinoma of middle lobe, lung",Condition,ICDO3,S,y,y,y,n,y,y,y
4112736,From descendants,Adenoid cystic carcinoma of trachea,Condition,SNOMED,S,y,y,y,n,y,y,y
37111619,From descendants,Malignant carcinoid tumor of bronchus,Condition,SNOMED,S,y,y,y,n,y,y,y
44505038,From descendants,"Myoepithelial carcinoma of lung, NOS",Condition,ICDO3,S,y,y,y,n,y,y,y
36521072,From descendants,"Fibrous mesothelioma, malignant of lower lobe, lung",Condition,ICDO3,S,n,n,n,n,n,n,n
45768929,From descendants,Primary salivary gland type carcinoma of lung,Condition,SNOMED,S,y,y,y,n,y,y,y
36542106,From descendants,"Adenocarcinoma with apocrine metaplasia of upper lobe, lung",Condition,ICDO3,S,y,y,y,n,y,y,y
36537690,From descendants,"Epithelioma, malignant of lower lobe, lung",Condition,ICDO3,S,y,y,y,n,y,y,y
36562795,From descendants,"Granular cell carcinoma of middle lobe, lung",Condition,ICDO3,S,y,y,y,n,y,y,y
42511773,From descendants,"Perivascular epithelioid tumor, malignant of main bronchus",Condition,ICDO3,S,n,n,n,n,n,n,n
45768927,From descendants,Primary myoepithelial carcinoma of lung,Condition,SNOMED,S,y,y,y,n,y,y,y
42512060,From descendants,"Nuclear protein in testis (NUT)-associated carcinoma of lung, NOS",Condition,ICDO3,S,n,n,n,n,n,n,n
36567972,From descendants,"Squamous cell carcinoma, microinvasive of main bronchus",Condition,ICDO3,S,y,y,y,n,y,y,y
36542225,From descendants,Combined small cell carcinoma of main bronchus,Condition,ICDO3,S,n,n,n,n,n,n,n
36531433,From descendants,"Verrucous carcinoma, NOS, of overlapping lesion of lung",Condition,ICDO3,S,y,y,y,n,y,y,y
4110705,From descendants,Squamous cell carcinoma of lung,Condition,SNOMED,S,y,y,y,n,y,y,y
44500918,From descendants,"Large cell carcinoma, NOS, of main bronchus",Condition,ICDO3,S,y,y,y,n,y,y,y
36554343,From descendants,"Adenocarcinoid tumor of lung, NOS",Condition,ICDO3,S,y,y,y,n,y,y,y
36560247,From descendants,Combined small cell carcinoma of overlapping lesion of lung,Condition,ICDO3,S,y,n,n,y,y,n,n
4247821,From descendants,Primary malignant neoplasm of carina,Condition,SNOMED,S,y,y,y,n,y,y,y
44498975,From descendants,"Mesothelioma, malignant of lung, NOS",Condition,ICDO3,S,y,y,y,n,y,y,y
42511979,From descendants,"Minimally invasive adenocarcinoma, non-mucinous of middle lobe, lung",Condition,ICDO3,S,y,y,y,n,y,y,y
44502436,From descendants,Basaloid squamous cell carcinoma of main bronchus,Condition,ICDO3,S,y,y,y,n,y,y,y
36566204,From descendants,Basal cell adenocarcinoma of overlapping lesion of lung,Condition,ICDO3,S,y,y,y,n,y,y,y
45768928,From descendants,Primary adenoid cystic carcinoma of lung,Condition,SNOMED,S,y,y,y,n,y,y,y
36403149,From descendants,"Adenocarcinoma in situ of lung, non-mucinous of lower lobe, lung",Condition,ICDO3,S,y,y,y,n,y,y,y
36533303,From descendants,"Malignant histiocytosis of lower lobe, lung",Condition,ICDO3,S,n,n,n,n,n,n,n
36403081,From descendants,"Adenocarcinoma in situ of lung, non-mucinous of upper lobe, lung",Condition,ICDO3,S,y,y,y,n,y,y,y
36546635,From descendants,"Adenocarcinoma, intestinal type of lung, NOS",Condition,ICDO3,S,y,y,y,n,y,y,y
44499963,From descendants,"Adenocarcinoma, NOS, of trachea",Condition,ICDO3,S,y,y,y,n,y,y,y
36520186,From descendants,"Mucinous cystadenocarcinoma, NOS, of lower lobe, lung",Condition,ICDO3,S,y,y,y,n,y,y,y
36530423,From descendants,"Solitary fibrous tumor, malignant of middle lobe, lung",Condition,ICDO3,S,n,n,n,n,n,n,n
36519172,From descendants,"Granular cell carcinoma of upper lobe, lung",Condition,ICDO3,S,y,y,y,n,y,y,y
36556317,From descendants,"Mesothelioma, biphasic, malignant of lung, NOS",Condition,ICDO3,S,n,n,n,n,n,n,n
36712708,From descendants,Primary adenocarcinoma of upper lobe of left lung,Condition,SNOMED,S,y,y,y,n,y,y,y
3181040,From descendants,Metastatic lung carcinoma,Condition,Nebraska Lexicon,S,y,y,y,n,y,y,y
36530828,From descendants,Malignant histiocytosis of overlapping lesion of lung,Condition,ICDO3,S,n,n,n,n,n,n,n
44505001,From descendants,"Carcinoma, NOS, of lung, NOS",Condition,ICDO3,S,y,y,y,n,y,y,y
45768861,From descendants,Primary solid carcinoma of trachea,Condition,SNOMED,S,y,y,y,n,y,y,y
44501061,From descendants,"Papillary squamous cell carcinoma of lower lobe, lung",Condition,ICDO3,S,y,y,y,n,y,y,y
44500201,From descendants,"Mucinous cystadenocarcinoma, NOS, of upper lobe, lung",Condition,ICDO3,S,y,y,y,n,y,y,y
36533051,From descendants,"Lymphoepithelial carcinoma of lung, NOS",Condition,ICDO3,S,y,y,y,n,y,y,y
36539299,From descendants,"Epithelial-myoepithelial carcinoma of lung, NOS",Condition,ICDO3,S,y,y,y,n,y,y,y
4089755,From descendants,Malignant neoplasm of lower lobe bronchus,Condition,SNOMED,S,y,y,y,n,y,y,y
4162250,From descendants,Carcinoma of main bronchus,Condition,SNOMED,S,y,y,y,n,y,y,y
36538174,From descendants,"Solitary fibrous tumor, malignant of trachea",Condition,ICDO3,S,n,n,n,n,n,n,n
36528414,From descendants,"Spindle cell carcinoma, NOS, of middle lobe, lung",Condition,ICDO3,S,y,y,y,n,y,y,y
44500348,From descendants,"Squamous cell carcinoma, microinvasive of lower lobe, lung",Condition,ICDO3,S,y,y,y,n,y,y,y
4110587,From descendants,Malignant tumor of lung parenchyma,Condition,SNOMED,S,y,y,y,n,y,y,y
42511869,From descendants,"Adenocarcinoma in situ of lung, mucinous of lung, NOS",Condition,ICDO3,S,n,n,n,n,n,n,n
44505030,From descendants,"Mucinous adenocarcinoma of lung, NOS",Condition,ICDO3,S,y,y,y,n,y,y,y
36535188,From descendants,Lymphoepithelial carcinoma of main bronchus,Condition,ICDO3,S,y,y,y,n,y,y,y
36528931,From descendants,"Fibrous mesothelioma, malignant of main bronchus",Condition,ICDO3,S,y,y,y,n,y,y,y
36567995,From descendants,Malignant fibrous histiocytoma of trachea,Condition,ICDO3,S,n,n,n,n,n,n,n
261236,From descendants,"Primary malignant neoplasm of upper lobe, bronchus or lung",Condition,SNOMED,NA,y,y,y,n,y,y,y
36560854,From descendants,"Cribriform carcinoma, NOS, of lower lobe, lung",Condition,ICDO3,S,y,y,y,n,y,y,y
36536486,From descendants,"Malignant histiocytosis of lung, NOS",Condition,ICDO3,S,n,n,n,n,n,n,n
4092217,From descendants,"Malignant neoplasm of middle lobe, bronchus or lung",Condition,SNOMED,NA,y,y,y,n,y,y,y
36557194,From descendants,"Solitary fibrous tumor, malignant of lower lobe, lung",Condition,ICDO3,S,n,n,n,n,n,n,n
36533471,From descendants,"Solitary fibrous tumor, malignant of lung, NOS",Condition,ICDO3,S,n,n,n,n,n,n,n
44502856,From descendants,"Spindle cell carcinoma, NOS, of lower lobe, lung",Condition,ICDO3,S,y,y,y,n,y,y,y
36534024,From descendants,"Small cell carcinoma, fusiform cell of lung, NOS",Condition,ICDO3,S,y,n,n,y,y,n,n
44501617,From descendants,"Lymphoepithelial carcinoma of upper lobe, lung",Condition,ICDO3,S,y,y,y,n,y,y,y
44502876,From descendants,"Mucin-producing adenocarcinoma of upper lobe, lung",Condition,ICDO3,S,y,y,y,n,y,y,y
42511919,From descendants,"Adenocarcinoma, intestinal type of upper lobe, lung",Condition,ICDO3,S,y,y,y,n,y,y,y
36543613,From descendants,Scirrhous adenocarcinoma of trachea,Condition,ICDO3,S,y,y,y,n,y,y,y
36555815,From descendants,Glassy cell carcinoma of main bronchus,Condition,ICDO3,S,y,y,y,n,y,y,y
44500343,From descendants,"Papillary carcinoma, NOS, of main bronchus",Condition,ICDO3,S,y,y,y,n,y,y,y
36532293,From descendants,"Mixed cell adenocarcinoma of lower lobe, lung",Condition,ICDO3,S,y,y,y,n,y,y,y
36531901,From descendants,"Bronchiolo-alveolar carcinoma, non-mucinous of overlapping lesion of lung",Condition,ICDO3,S,y,y,y,n,y,y,y
36538056,From descendants,"Alveolar adenocarcinoma of lower lobe, lung",Condition,ICDO3,S,y,y,y,n,y,y,y
36550624,From descendants,Lepidic adenocarcinoma of trachea,Condition,ICDO3,S,y,y,y,n,y,y,y
42511704,From descendants,"Malignant peripheral nerve sheath tumor, NOS, of lower lobe, lung",Condition,ICDO3,S,n,n,n,n,n,n,n
36526155,From descendants,"Cloacogenic carcinoma of upper lobe, lung",Condition,ICDO3,S,y,y,y,n,y,y,y
36558877,From descendants,"Alveolar adenocarcinoma of lung, NOS",Condition,ICDO3,S,y,y,y,n,y,y,y
42512781,From descendants,"Mixed tumor, malignant, NOS, of upper lobe, lung",Condition,ICDO3,S,y,y,y,n,y,y,y
4115276,From descendants,Non-small cell lung cancer,Condition,SNOMED,S,y,y,y,n,y,y,y
4092215,From descendants,Malignant neoplasm of carina of bronchus,Condition,SNOMED,S,y,y,y,n,y,y,y
36535558,From descendants,Lepidic adenocarcinoma of overlapping lesion of lung,Condition,ICDO3,S,y,y,y,n,y,y,y
45768879,From descendants,Primary fetal adenocarcinoma of lung,Condition,SNOMED,S,y,y,y,n,y,y,y
44498940,From descendants,"Combined small cell carcinoma of lung, NOS",Condition,ICDO3,S,y,n,n,y,y,n,n
42512108,From descendants,Nuclear protein in testis (NUT)-associated carcinoma of overlapping lesion of lung,Condition,ICDO3,S,n,n,n,n,n,n,n
44502784,From descendants,"Adenocarcinoma with squamous metaplasia of upper lobe, lung",Condition,ICDO3,S,y,y,y,n,y,y,y
36530830,From descendants,"Carcinoma, NOS, of overlapping lesion of lung",Condition,ICDO3,S,y,y,y,n,y,y,y
44499882,From descendants,"Adenocarcinoma, NOS, of upper lobe, lung",Condition,ICDO3,S,y,y,y,n,y,y,y
44500841,From descendants,"Large cell carcinoma, NOS, of upper lobe, lung",Condition,ICDO3,S,y,y,y,n,y,y,y
44502390,From descendants,"Solid carcinoma, NOS, of lower lobe, lung",Condition,ICDO3,S,y,y,y,n,y,y,y
44501310,From descendants,"Squamous cell carcinoma, spindle cell of upper lobe, lung",Condition,ICDO3,S,y,y,y,n,y,y,y
36519829,From descendants,Pleomorphic carcinoma of overlapping lesion of lung,Condition,ICDO3,S,y,y,y,n,y,y,y
36561009,From descendants,Superficial spreading adenocarcinoma of main bronchus,Condition,ICDO3,S,y,y,y,n,y,y,y
42512969,From descendants,"Ossifying fibromyxoid tumor, malignant of middle lobe, lung",Condition,ICDO3,S,n,n,n,n,n,n,n
36532111,From descendants,"Mesothelioma, biphasic, malignant of main bronchus",Condition,ICDO3,S,n,n,n,n,n,n,n
36528497,From descendants,"Malignant fibrous histiocytoma of lung, NOS",Condition,ICDO3,S,n,n,n,n,n,n,n
36521732,From descendants,"Small cell carcinoma, NOS, of overlapping lesion of lung",Condition,ICDO3,S,y,n,n,y,y,n,n
36555136,From descendants,"Basaloid carcinoma of middle lobe, lung",Condition,ICDO3,S,y,y,y,n,y,y,y
4114342,From descendants,Lymphangitis carcinomatosa,Condition,SNOMED,S,n,n,n,n,n,n,n
44501086,From descendants,"Mucoepidermoid carcinoma of lower lobe, lung",Condition,ICDO3,S,y,y,y,n,y,y,y
36551189,From descendants,Adenocarcinoma with cartilaginous and osseous metaplasia of main bronchus,Condition,ICDO3,S,y,y,y,n,y,y,y
36545242,From descendants,"Adenoid cystic carcinoma of upper lobe, lung",Condition,ICDO3,S,y,y,y,n,y,y,y
36549159,From descendants,"Squamous cell carcinoma, microinvasive of middle lobe, lung",Condition,ICDO3,S,y,y,y,n,y,y,y
36518742,From descendants,"Adenocarcinoma, NOS, of overlapping lesion of lung",Condition,ICDO3,S,y,y,y,n,y,y,y
42512203,From descendants,"Nuclear protein in testis (NUT)-associated carcinoma of middle lobe, lung",Condition,ICDO3,S,n,n,n,n,n,n,n
42512043,From descendants,"Nuclear protein in testis (NUT)-associated carcinoma of lower lobe, lung",Condition,ICDO3,S,n,n,n,n,n,n,n
36524452,From descendants,"Myoepithelial carcinoma of middle lobe, lung",Condition,ICDO3,S,y,y,y,n,y,y,y
36549769,From descendants,"Basal cell adenocarcinoma of upper lobe, lung",Condition,ICDO3,S,y,y,y,n,y,y,y
4095450,From descendants,Malignant neoplasm of upper lobe bronchus,Condition,SNOMED,S,y,y,y,n,y,y,y
44502549,From descendants,"Acinar cell carcinoma of upper lobe, lung",Condition,ICDO3,S,y,y,y,n,y,y,y
36537925,From descendants,Malignant mastocytosis of main bronchus,Condition,ICDO3,S,n,n,n,n,n,n,n
36547511,From descendants,"Carcinoma simplex of lower lobe, lung",Condition,ICDO3,S,y,y,y,n,y,y,y
36521849,From descendants,"Mesothelioma, malignant of main bronchus",Condition,ICDO3,S,n,n,n,n,n,n,n
36557572,From descendants,"Mesothelioma, malignant of middle lobe, lung",Condition,ICDO3,S,n,n,n,n,n,n,n
42512246,From descendants,"Minimally invasive adenocarcinoma, mucinous of lower lobe, lung",Condition,ICDO3,S,y,y,y,n,y,y,y
36551824,From descendants,Non-small cell carcinoma of overlapping lesion of lung,Condition,ICDO3,S,y,y,y,n,y,y,y
36563834,From descendants,Mixed cell adenocarcinoma of main bronchus,Condition,ICDO3,S,y,y,y,n,y,y,y
45768936,From descendants,Primary adenocarcinoma of trachea,Condition,SNOMED,S,y,y,y,n,y,y,y
44499621,From descendants,"Spindle cell carcinoma, NOS, of main bronchus",Condition,ICDO3,S,y,y,y,n,y,y,y
42512028,From descendants,"Adenocarcinoma in situ of lung, non-mucinous of overlapping lesion of lung",Condition,ICDO3,S,n,n,n,n,n,n,n
42512800,From descendants,"Adenocarcinoma in situ of lung, mucinous of lower lobe, lung",Condition,ICDO3,S,n,n,n,n,n,n,n
42512083,From descendants,"Ossifying fibromyxoid tumor, malignant of upper lobe, lung",Condition,ICDO3,S,n,n,n,n,n,n,n
44500896,From descendants,"Mesothelioma, malignant of lower lobe, lung",Condition,ICDO3,S,n,n,n,n,n,n,n
443399,From descendants,Malignant tumor of bronchus,Condition,SNOMED,S,y,y,y,n,y,y,y
44499488,From descendants,"Squamous cell carcinoma, NOS, of lower lobe, lung",Condition,ICDO3,S,y,y,y,n,y,y,y
36522300,From descendants,"Papillary carcinoma, NOS, of middle lobe, lung",Condition,ICDO3,S,y,y,y,n,y,y,y
44505017,From descendants,"Adenocarcinoma, metastatic, NOS, of lung, NOS",Condition,ICDO3,S,y,y,y,n,y,y,y
44505032,From descendants,"Acinar cell carcinoma of lung, NOS",Condition,ICDO3,S,y,y,y,n,y,y,y
36561870,From descendants,"Squamous cell carcinoma, adenoid of lung, NOS",Condition,ICDO3,S,y,y,y,n,y,y,y
36525541,From descendants,"Fibrous mesothelioma, malignant of lung, NOS",Condition,ICDO3,S,n,n,n,n,n,n,n
36524040,From descendants,"Basaloid carcinoma of upper lobe, lung",Condition,ICDO3,S,y,y,y,n,y,y,y
45768884,From descendants,Primary acinar cell carcinoma of lung,Condition,SNOMED,S,y,y,y,n,y,y,y
36558787,From descendants,"Adenocarcinoma of lung, mucinous of trachea",Condition,ICDO3,S,y,y,y,n,y,y,y
4110706,From descendants,Pancoast tumor,Condition,SNOMED,S,y,y,y,n,y,y,y
44505023,From descendants,"Adenocarcinoma of lung, mixed mucinous and non-mucinous of lung, NOS",Condition,ICDO3,S,y,y,y,n,y,y,y
45768934,From descendants,Primary papillary adenocarcinoma of trachea,Condition,SNOMED,S,y,y,y,n,y,y,y
36712709,From descendants,Primary adenocarcinoma of lower lobe of right lung,Condition,SNOMED,S,y,y,y,n,y,y,y
36552385,From descendants,"Adenocarcinoma of lung, mixed mucinous and non-mucinous of overlapping lesion of lung",Condition,ICDO3,S,y,y,y,n,y,y,y
36547828,From descendants,"Metaplastic carcinoma, NOS, of middle lobe, lung",Condition,ICDO3,S,y,y,y,n,y,y,y
36522039,From descendants,"Squamous cell carcinoma, adenoid of main bronchus",Condition,ICDO3,S,y,y,y,n,y,y,y
42512532,From descendants,"Adenocarcinoma in situ of lung, non-mucinous of middle lobe, lung",Condition,ICDO3,S,n,n,n,n,n,n,n
36518168,From descendants,Adenocarcinoid tumor of overlapping lesion of lung,Condition,ICDO3,S,y,y,y,n,y,y,y
44505033,From descendants,"Adenosquamous carcinoma of lung, NOS",Condition,ICDO3,S,y,y,y,n,y,y,y
36557699,From descendants,"Hepatoid adenocarcinoma of upper lobe, lung",Condition,ICDO3,S,y,y,y,n,y,y,y
42511962,From descendants,"Micropapillary carcinoma, NOS, of middle lobe, lung",Condition,ICDO3,S,y,y,y,n,y,y,y
36555210,From descendants,"Mesothelioma, biphasic, malignant of upper lobe, lung",Condition,ICDO3,S,n,n,n,n,n,n,n
42512167,From descendants,Fetal adenocarcinoma of overlapping lesion of lung,Condition,ICDO3,S,y,y,y,n,y,y,y
36717017,From descendants,Primary adenocarcinoma of upper lobe of right lung,Condition,SNOMED,S,y,y,y,n,y,y,y
44499626,From descendants,"Combined small cell carcinoma of upper lobe, lung",Condition,ICDO3,S,y,n,n,y,y,n,n
36518808,From descendants,"Superficial spreading adenocarcinoma of upper lobe, lung",Condition,ICDO3,S,y,y,y,n,y,y,y
44500290,From descendants,"Adenocarcinoma, NOS, of main bronchus",Condition,ICDO3,S,y,y,y,n,y,y,y
44502006,From descendants,Polygonal cell carcinoma of main bronchus,Condition,ICDO3,S,y,y,y,n,y,y,y
44502457,From descendants,"Squamous cell carcinoma, spindle cell of middle lobe, lung",Condition,ICDO3,S,y,y,y,n,y,y,y
762427,From descendants,Primary malignant neoplasm of right lung,Condition,SNOMED,NA,y,y,y,n,y,y,y
36529246,From descendants,Carcinoma simplex of main bronchus,Condition,ICDO3,S,y,y,y,n,y,y,y
42511847,From descendants,"Perivascular epithelioid tumor, malignant of lower lobe, lung",Condition,ICDO3,S,n,n,n,n,n,n,n
36712981,From descendants,Adenocarcinoma of right lung,Condition,SNOMED,S,y,y,y,n,y,y,y
605430,From descendants,Primary adenocarcinoma of left main bronchus,Condition,SNOMED,S,y,y,y,n,y,y,y
36518085,From descendants,"Granular cell carcinoma of lower lobe, lung",Condition,ICDO3,S,y,y,y,n,y,y,y
44500790,From descendants,"Bronchiolo-alveolar carcinoma, non-mucinous of middle lobe, lung",Condition,ICDO3,S,y,y,y,n,y,y,y
44502466,From descendants,"Adenocarcinoma with mixed subtypes of lower lobe, lung",Condition,ICDO3,S,y,y,y,n,y,y,y
36538391,From descendants,"Spindle cell carcinoma, NOS, of overlapping lesion of lung",Condition,ICDO3,S,y,y,y,n,y,y,y
42512536,From descendants,"Ossifying fibromyxoid tumor, malignant of main bronchus",Condition,ICDO3,S,n,n,n,n,n,n,n
45768920,From descendants,Primary undifferentiated carcinoma of lung,Condition,SNOMED,S,y,y,y,n,y,y,y
36531338,From descendants,Acinar cell carcinoma of overlapping lesion of lung,Condition,ICDO3,S,y,y,y,n,y,y,y
42512311,From descendants,Fetal adenocarcinoma of main bronchus,Condition,ICDO3,S,y,y,y,n,y,y,y
36547041,From descendants,"Mesothelioma, biphasic, malignant of middle lobe, lung",Condition,ICDO3,S,n,n,n,n,n,n,n
44505003,From descendants,"Carcinoma, undifferentiated, NOS, of lung, NOS",Condition,ICDO3,S,y,y,y,n,y,y,y
44500666,From descendants,"Germinoma of lower lobe, lung",Condition,ICDO3,S,n,n,n,n,n,n,n
36562727,From descendants,"Verrucous carcinoma, NOS, of upper lobe, lung",Condition,ICDO3,S,y,y,y,n,y,y,y
36559186,From descendants,"Verrucous carcinoma, NOS, of middle lobe, lung",Condition,ICDO3,S,y,y,y,n,y,y,y
45768952,From descendants,Primary lymphoepithelial carcinoma of trachea,Condition,SNOMED,S,y,y,y,n,y,y,y
44499584,From descendants,"Hemangiopericytoma, malignant of lung, NOS",Condition,ICDO3,S,n,n,n,n,n,n,n
36565803,From descendants,"Metaplastic carcinoma, NOS, of lower lobe, lung",Condition,ICDO3,S,y,y,y,n,y,y,y
36541732,From descendants,Adenocarcinoma with mixed subtypes of trachea,Condition,ICDO3,S,y,y,y,n,y,y,y
36558610,From descendants,"Cloacogenic carcinoma of middle lobe, lung",Condition,ICDO3,S,y,y,y,n,y,y,y
36543984,From descendants,"Squamous cell carcinoma, spindle cell of lung, NOS",Condition,ICDO3,S,y,y,y,n,y,y,y
36543960,From descendants,"Adenocarcinoma with apocrine metaplasia of middle lobe, lung",Condition,ICDO3,S,y,y,y,n,y,y,y
36520546,From descendants,Lymphoepithelial carcinoma of overlapping lesion of lung,Condition,ICDO3,S,y,y,y,n,y,y,y
36566369,From descendants,"Squamous cell carcinoma, adenoid of overlapping lesion of lung",Condition,ICDO3,S,y,y,y,n,y,y,y
42512286,From descendants,"Adenocarcinoma in situ of lung, non-mucinous of main bronchus",Condition,ICDO3,S,n,n,n,n,n,n,n
36567811,From descendants,"Malignant fibrous histiocytoma of lower lobe, lung",Condition,ICDO3,S,n,n,n,n,n,n,n
42511671,From descendants,Epithelial-myoepithelial carcinoma of trachea,Condition,ICDO3,S,y,y,y,n,y,y,y
44502764,From descendants,"Carcinoma, undifferentiated, NOS, of lower lobe, lung",Condition,ICDO3,S,y,y,y,n,y,y,y
36549552,From descendants,"Metaplastic carcinoma, NOS, of main bronchus",Condition,ICDO3,S,y,y,y,n,y,y,y
36564060,From descendants,"Epithelioid mesothelioma, malignant of overlapping lesion of lung",Condition,ICDO3,S,n,n,n,n,n,n,n
45768881,From descendants,Primary adenosquamous carcinoma of lung,Condition,SNOMED,S,y,y,y,n,y,y,y
44499678,From descendants,"Small cell carcinoma, NOS, of lower lobe, lung",Condition,ICDO3,S,y,n,n,y,y,n,n
44500188,From descendants,"Non-small cell carcinoma of lower lobe, lung",Condition,ICDO3,S,y,y,y,n,y,y,y
44503010,From descendants,"Basaloid squamous cell carcinoma of lower lobe, lung",Condition,ICDO3,S,y,y,y,n,y,y,y
36544737,From descendants,"Cloacogenic carcinoma of lung, NOS",Condition,ICDO3,S,y,y,y,n,y,y,y
36562468,From descendants,"Solitary fibrous tumor, malignant of main bronchus",Condition,ICDO3,S,n,n,n,n,n,n,n
36533160,From descendants,"Malignant fibrous histiocytoma of upper lobe, lung",Condition,ICDO3,S,n,n,n,n,n,n,n
44501404,From descendants,"Adenocarcinoma, NOS, of lower lobe, lung",Condition,ICDO3,S,y,y,y,n,y,y,y
44503093,From descendants,"Mucin-producing adenocarcinoma of lung, NOS",Condition,ICDO3,S,y,y,y,n,y,y,y
36536644,From descendants,"Small cell carcinoma, fusiform cell of main bronchus",Condition,ICDO3,S,y,n,n,y,y,n,n
36526200,From descendants,"Epithelioid mesothelioma, malignant of middle lobe, lung",Condition,ICDO3,S,y,y,y,n,y,y,y
36563105,From descendants,"Mixed cell adenocarcinoma of middle lobe, lung",Condition,ICDO3,S,y,y,y,n,y,y,y
44501585,From descendants,"Acinar cell carcinoma of middle lobe, lung",Condition,ICDO3,S,y,y,y,n,y,y,y
36561274,From descendants,"Papillary squamous cell carcinoma of middle lobe, lung",Condition,ICDO3,S,y,y,y,n,y,y,y
36561699,From descendants,"Polygonal cell carcinoma of lower lobe, lung",Condition,ICDO3,S,y,y,y,n,y,y,y
44499730,From descendants,"Lymphoepithelial carcinoma of middle lobe, lung",Condition,ICDO3,S,y,y,y,n,y,y,y
44502769,From descendants,"Adenoid cystic carcinoma of lower lobe, lung",Condition,ICDO3,S,y,y,y,n,y,y,y
4155293,From descendants,"Carcinoma of lower lobe, bronchus or lung",Condition,SNOMED,S,y,y,y,n,y,y,y
36552316,From descendants,"Small cell carcinoma, fusiform cell of upper lobe, lung",Condition,ICDO3,S,y,n,n,y,y,n,n
36548201,From descendants,"Squamous cell carcinoma, adenoid of middle lobe, lung",Condition,ICDO3,S,y,y,y,n,y,y,y
36545785,From descendants,"Squamous cell carcinoma, adenoid of lower lobe, lung",Condition,ICDO3,S,y,y,y,n,y,y,y
44500713,From descendants,Non-small cell carcinoma of main bronchus,Condition,ICDO3,S,y,y,y,n,y,y,y
45772942,From descendants,Primary verrucous carcinoma of trachea,Condition,SNOMED,S,y,y,y,n,y,y,y
36544100,From descendants,"Adenocarcinoid tumor of upper lobe, lung",Condition,ICDO3,S,y,y,y,n,y,y,y
36542965,From descendants,"Carcinoma, anaplastic, NOS, of overlapping lesion of lung",Condition,ICDO3,S,y,y,y,n,y,y,y
36556624,From descendants,Schneiderian carcinoma of overlapping lesion of lung,Condition,ICDO3,S,y,y,y,n,y,y,y
44503004,From descendants,"Papillary carcinoma, NOS, of lung, NOS",Condition,ICDO3,S,y,y,y,n,y,y,y
44500287,From descendants,"Basaloid squamous cell carcinoma of upper lobe, lung",Condition,ICDO3,S,y,y,y,n,y,y,y
36537885,From descendants,"Malignant mastocytosis of middle lobe, lung",Condition,ICDO3,S,n,n,n,n,n,n,n
36526857,From descendants,"Medullary carcinoma, NOS, of lung, NOS",Condition,ICDO3,S,y,y,y,n,y,y,y
36712707,From descendants,Primary adenocarcinoma of lower lobe of left lung,Condition,SNOMED,S,y,y,y,n,y,y,y
44504982,From descendants,Myoepithelial carcinoma of trachea,Condition,ICDO3,S,y,y,y,n,y,y,y
45768921,From descendants,Primary spindle cell carcinoma of lung,Condition,SNOMED,S,y,y,y,n,y,y,y
44503115,From descendants,"Hemangiopericytoma, malignant of lower lobe, lung",Condition,ICDO3,S,n,n,n,n,n,n,n
36526433,From descendants,Scirrhous adenocarcinoma of overlapping lesion of lung,Condition,ICDO3,S,y,y,y,n,y,y,y
36402516,From descendants,"Adenocarcinoma,uncertain whether primary or metastatic site of lung, NOS",Condition,ICDO3,S,y,y,y,n,y,y,y
36564894,From descendants,Myoepithelial carcinoma of overlapping lesion of lung,Condition,ICDO3,S,y,y,y,n,y,y,y
36560118,From descendants,Papillary squamous cell carcinoma of overlapping lesion of lung,Condition,ICDO3,S,y,y,y,n,y,y,y
36550126,From descendants,"Adenocarcinoma of lung, mixed mucinous and non-mucinous of trachea",Condition,ICDO3,S,y,y,y,n,y,y,y
36558515,From descendants,"Cribriform carcinoma, NOS, of upper lobe, lung",Condition,ICDO3,S,y,y,y,n,y,y,y
36523297,From descendants,Polygonal cell carcinoma of overlapping lesion of lung,Condition,ICDO3,S,y,y,y,n,y,y,y
36559892,From descendants,Alveolar adenocarcinoma of overlapping lesion of lung,Condition,ICDO3,S,y,y,y,n,y,y,y
44500843,From descendants,Pleomorphic carcinoma of main bronchus,Condition,ICDO3,S,y,y,y,n,y,y,y
42511724,From descendants,"Adenocarcinoma in situ of lung, mucinous of middle lobe, lung",Condition,ICDO3,S,n,n,n,n,n,n,n
36524343,From descendants,"Teratoma, malignant, NOS, of upper lobe, lung",Condition,ICDO3,S,n,n,n,n,n,n,n
36529915,From descendants,"Medullary carcinoma, NOS, of overlapping lesion of lung",Condition,ICDO3,S,y,y,y,n,y,y,y
36548626,From descendants,Adenocarcinoma with mixed subtypes of overlapping lesion of lung,Condition,ICDO3,S,y,y,y,n,y,y,y
42512336,From descendants,"Minimally invasive adenocarcinoma, non-mucinous of lung, NOS",Condition,ICDO3,S,y,y,y,n,y,y,y
36560716,From descendants,"Adenocarcinoma of lung, mixed mucinous and non-mucinous of main bronchus",Condition,ICDO3,S,y,y,y,n,y,y,y
36543689,From descendants,"Small cell carcinoma, fusiform cell of lower lobe, lung",Condition,ICDO3,S,y,n,n,y,y,n,n
36549522,From descendants,"Hepatoid adenocarcinoma of lung, NOS",Condition,ICDO3,S,y,y,y,n,y,y,y
44500414,From descendants,"Adenocarcinoma with mixed subtypes of upper lobe, lung",Condition,ICDO3,S,y,y,y,n,y,y,y
36525571,From descendants,"Squamous cell carcinoma, adenoid of upper lobe, lung",Condition,ICDO3,S,y,y,y,n,y,y,y
44502543,From descendants,"Mucinous adenocarcinoma of middle lobe, lung",Condition,ICDO3,S,y,y,y,n,y,y,y
36526943,From descendants,"Myoepithelial carcinoma of upper lobe, lung",Condition,ICDO3,S,y,y,y,n,y,y,y
36524077,From descendants,"Epithelioid mesothelioma, malignant of main bronchus",Condition,ICDO3,S,n,n,n,n,n,n,n
45768860,From descendants,Primary mucinous cystadenocarcinoma of trachea,Condition,SNOMED,S,y,y,y,n,y,y,y
36545372,From descendants,"Carcinoma, anaplastic, NOS, of lung, NOS",Condition,ICDO3,S,y,y,y,n,y,y,y
36531543,From descendants,"Solid carcinoma, NOS, of overlapping lesion of lung",Condition,ICDO3,S,y,y,y,n,y,y,y
45768930,From descendants,Primary mixed mucinous and non-mucinous bronchiolo-alveolar carcinoma of lung,Condition,SNOMED,S,y,y,y,n,y,y,y
44500984,From descendants,"Squamous cell carcinoma, NOS, of upper lobe, lung",Condition,ICDO3,S,y,y,y,n,y,y,y
4112738,From descendants,Adenocarcinoma of lung,Condition,SNOMED,S,y,y,y,n,y,y,y
42512569,From descendants,"Minimally invasive adenocarcinoma, non-mucinous of main bronchus",Condition,ICDO3,S,y,y,y,n,y,y,y
42512748,From descendants,"Perivascular epithelioid tumor, malignant of lung, NOS",Condition,ICDO3,S,n,n,n,n,n,n,n
36565786,From descendants,"Cribriform carcinoma, NOS, of overlapping lesion of lung",Condition,ICDO3,S,y,y,y,n,y,y,y
36564244,From descendants,Adenocarcinoma in villous adenoma of trachea,Condition,ICDO3,S,y,y,y,n,y,y,y
44501567,From descendants,"Basaloid squamous cell carcinoma of middle lobe, lung",Condition,ICDO3,S,y,y,y,n,y,y,y
4198434,From descendants,Local recurrence of malignant tumor of lung,Condition,SNOMED,S,n,n,n,n,y,y,y
36567740,From descendants,"Carcinoma, undifferentiated, NOS, of main bronchus",Condition,ICDO3,S,y,y,y,n,y,y,y
45768885,From descendants,Primary solid carcinoma of lung,Condition,SNOMED,S,y,y,y,n,y,y,y
44501791,From descendants,"Vipoma of lower lobe, lung",Condition,ICDO3,S,n,n,n,n,n,n,n
36563562,From descendants,Granular cell carcinoma of overlapping lesion of lung,Condition,ICDO3,S,y,y,y,n,y,y,y
36518654,From descendants,"Adenocarcinoma with cartilaginous and osseous metaplasia of upper lobe, lung",Condition,ICDO3,S,y,y,y,n,y,y,y
36567150,From descendants,"Squamous cell carcinoma, spindle cell of main bronchus",Condition,ICDO3,S,y,y,y,n,y,y,y
45768858,From descendants,Primary salivary gland type carcinoma of trachea,Condition,SNOMED,S,y,y,y,n,y,y,y
36567491,From descendants,"Clear cell adenocarcinoma, NOS, of overlapping lesion of lung",Condition,ICDO3,S,y,y,y,n,y,y,y
36541009,From descendants,"Epithelioma, malignant of trachea",Condition,ICDO3,S,y,y,y,n,y,y,y
36539661,From descendants,"Polygonal cell carcinoma of lung, NOS",Condition,ICDO3,S,y,y,y,n,y,y,y
37109576,From descendants,Squamous non-small cell lung cancer,Condition,SNOMED,S,y,y,y,n,y,y,y
44500415,From descendants,"Papillary adenocarcinoma, NOS, of lower lobe, lung",Condition,ICDO3,S,y,y,y,n,y,y,y
36548825,From descendants,Adenocarcinoma with apocrine metaplasia of main bronchus,Condition,ICDO3,S,y,y,y,n,y,y,y
36552939,From descendants,"Squamous cell carcinoma, microinvasive of upper lobe, lung",Condition,ICDO3,S,y,y,y,n,y,y,y
42512283,From descendants,"Ossifying fibromyxoid tumor, malignant of lung, NOS",Condition,ICDO3,S,n,n,n,n,n,n,n
36531132,From descendants,Malignant fibrous histiocytoma of overlapping lesion of lung,Condition,ICDO3,S,n,n,n,n,n,n,n
44505024,From descendants,"Adenocarcinoma with mixed subtypes of lung, NOS",Condition,ICDO3,S,y,y,y,n,y,y,y
36537768,From descendants,"Hepatoid adenocarcinoma of lower lobe, lung",Condition,ICDO3,S,y,y,y,n,y,y,y
42512429,From descendants,"Perivascular epithelioid tumor, malignant of upper lobe, lung",Condition,ICDO3,S,n,n,n,n,n,n,n
36553787,From descendants,"Adenocarcinoma of lung, mucinous of middle lobe, lung",Condition,ICDO3,S,y,y,y,n,y,y,y
42512102,From descendants,"Fetal adenocarcinoma of middle lobe, lung",Condition,ICDO3,S,y,y,y,n,y,y,y
36548970,From descendants,"Metaplastic carcinoma, NOS, of overlapping lesion of lung",Condition,ICDO3,S,y,y,y,n,y,y,y
36532437,From descendants,"Superficial spreading adenocarcinoma of lower lobe, lung",Condition,ICDO3,S,y,y,y,n,y,y,y
44501516,From descendants,"Squamous cell carcinoma, spindle cell of lower lobe, lung",Condition,ICDO3,S,y,y,y,n,y,y,y
44500448,From descendants,"Adenocarcinoma of lung, mucinous of upper lobe, lung",Condition,ICDO3,S,y,y,y,n,y,y,y
42512456,From descendants,"Micropapillary carcinoma, NOS, of main bronchus",Condition,ICDO3,S,y,y,y,n,y,y,y
45768856,From descendants,Primary myoepithelial carcinoma of trachea,Condition,SNOMED,S,n,n,n,n,n,n,n
42511851,From descendants,"Cystadenocarcinoma, NOS, of lower lobe, lung",Condition,ICDO3,S,y,y,y,n,y,y,y
42511960,From descendants,"CNS embryonal tumor, NOS, of lung, NOS",Condition,ICDO3,S,n,n,n,n,n,n,n
36529321,From descendants,"Polygonal cell carcinoma of upper lobe, lung",Condition,ICDO3,S,y,y,y,n,y,y,y
36551818,From descendants,Adenocarcinoma with apocrine metaplasia of overlapping lesion of lung,Condition,ICDO3,S,y,y,y,n,y,y,y
36567589,From descendants,"Cloacogenic carcinoma of lower lobe, lung",Condition,ICDO3,S,y,y,y,n,y,y,y
36531398,From descendants,"Lymphoepithelial carcinoma of lower lobe, lung",Condition,ICDO3,S,y,y,y,n,y,y,y
45768862,From descendants,Primary undifferentiated carcinoma of trachea,Condition,SNOMED,S,y,y,y,n,y,y,y
44505002,From descendants,"Carcinomatosis of lung, NOS",Condition,ICDO3,S,n,n,n,n,n,n,n
36526019,From descendants,"Adenocarcinoma with cartilaginous and osseous metaplasia of middle lobe, lung",Condition,ICDO3,S,y,y,y,n,y,y,y
36550920,From descendants,"Teratoma, malignant, NOS, of lung, NOS",Condition,ICDO3,S,n,n,n,n,n,n,n
45768886,From descendants,Primary papillary adenocarcinoma of lung,Condition,SNOMED,S,y,y,y,n,y,y,y
4111805,From descendants,Squamous cell carcinoma of bronchus,Condition,SNOMED,S,y,y,y,n,y,y,y
36520293,From descendants,"Epithelioid mesothelioma, malignant of lung, NOS",Condition,ICDO3,S,y,y,y,n,y,y,y
42512133,From descendants,"Ossifying fibromyxoid tumor, malignant of overlapping lesion of lung",Condition,ICDO3,S,n,n,n,n,n,n,n
36536294,From descendants,"Small cell carcinoma, fusiform cell of middle lobe, lung",Condition,ICDO3,S,y,n,n,y,y,n,n
44501357,From descendants,"Acinar cell carcinoma of lower lobe, lung",Condition,ICDO3,S,y,y,y,n,y,y,y
36558592,From descendants,Basaloid carcinoma of main bronchus,Condition,ICDO3,S,y,y,y,n,y,y,y
36538987,From descendants,"Verrucous carcinoma, NOS, of lower lobe, lung",Condition,ICDO3,S,y,y,y,n,y,y,y
36555703,From descendants,"Papillary adenocarcinoma, NOS, of overlapping lesion of lung",Condition,ICDO3,S,y,y,y,n,y,y,y
36556267,From descendants,"Schneiderian carcinoma of upper lobe, lung",Condition,ICDO3,S,y,y,y,n,y,y,y
42512222,From descendants,"Minimally invasive adenocarcinoma, mucinous of main bronchus",Condition,ICDO3,S,y,y,y,n,y,y,y
36566990,From descendants,"Teratoma, malignant, NOS, of overlapping lesion of lung",Condition,ICDO3,S,n,n,n,n,n,n,n
36534394,From descendants,"Papillary carcinoma, NOS, of trachea",Condition,ICDO3,S,y,y,y,n,y,y,y
36519384,From descendants,"Cribriform carcinoma, NOS, of lung, NOS",Condition,ICDO3,S,y,y,y,n,y,y,y
36535081,From descendants,Adenosquamous carcinoma of overlapping lesion of lung,Condition,ICDO3,S,y,y,y,n,y,y,y
44499915,From descendants,"Clear cell adenocarcinoma, NOS, of upper lobe, lung",Condition,ICDO3,S,y,y,y,n,y,y,y
36539579,From descendants,Adenocarcinoma in tubulovillous adenoma of trachea,Condition,ICDO3,S,y,y,y,n,y,y,y
602150,From descendants,Primary adenocarcinoma of middle lobe of right lung,Condition,SNOMED,S,y,y,y,n,y,y,y
44502949,From descendants,"Clear cell adenocarcinoma, NOS, of lower lobe, lung",Condition,ICDO3,S,y,y,y,n,y,y,y
44505027,From descendants,"Fetal adenocarcinoma of lung, NOS",Condition,ICDO3,S,y,y,y,n,y,y,y
44502623,From descendants,"Adenocarcinoma of lung, mucinous of lower lobe, lung",Condition,ICDO3,S,y,y,y,n,y,y,y
44502885,From descendants,"Adenosquamous carcinoma of middle lobe, lung",Condition,ICDO3,S,y,y,y,n,y,y,y
44505011,From descendants,"Squamous cell carcinoma, NOS, of lung, NOS",Condition,ICDO3,S,y,y,y,n,y,y,y
44501124,From descendants,"Large cell carcinoma, NOS, of lower lobe, lung",Condition,ICDO3,S,y,y,y,n,y,y,y
45768857,From descendants,Primary mucoepidermoid carcinoma of trachea,Condition,SNOMED,S,y,y,y,n,y,y,y
44505025,From descendants,"Papillary adenocarcinoma, NOS, of lung, NOS",Condition,ICDO3,S,y,y,y,n,y,y,y
44499686,From descendants,"Adenoid cystic carcinoma of middle lobe, lung",Condition,ICDO3,S,y,y,y,n,y,y,y
762426,From descendants,Primary malignant neoplasm of left lung,Condition,SNOMED,NA,y,y,y,n,y,y,y
36527651,From descendants,"Mesothelioma, biphasic, malignant of overlapping lesion of lung",Condition,ICDO3,S,y,y,y,n,y,y,y
42512620,From descendants,"Minimally invasive adenocarcinoma, mucinous of lung, NOS",Condition,ICDO3,S,y,y,y,n,y,y,y
44502703,From descendants,"Adenocarcinoma with mixed subtypes of middle lobe, lung",Condition,ICDO3,S,y,y,y,n,y,y,y
44499688,From descendants,"Bronchiolo-alveolar carcinoma, non-mucinous of upper lobe, lung",Condition,ICDO3,S,y,y,y,n,y,y,y
36525066,From descendants,"Epithelioma, malignant of upper lobe, lung",Condition,ICDO3,S,y,y,y,n,y,y,y
36567546,From descendants,"Mixed cell adenocarcinoma of upper lobe, lung",Condition,ICDO3,S,y,y,y,n,y,y,y
36543187,From descendants,"Carcinoma, anaplastic, NOS, of upper lobe, lung",Condition,ICDO3,S,y,y,y,n,y,y,y
36535903,From descendants,"Squamous cell carcinoma, spindle cell of overlapping lesion of lung",Condition,ICDO3,S,y,y,y,n,y,y,y
602149,From descendants,Primary adenocarcinoma of right main bronchus,Condition,SNOMED,S,y,y,y,n,y,y,y
44501558,From descendants,"Pleomorphic carcinoma of middle lobe, lung",Condition,ICDO3,S,y,y,y,n,y,y,y
44499741,From descendants,"Lepidic adenocarcinoma of lung, NOS",Condition,ICDO3,S,y,y,y,n,y,y,y
42512038,From descendants,"Adenocarcinoma in situ of lung, mucinous of main bronchus",Condition,ICDO3,S,n,n,n,n,n,n,n
36563276,From descendants,Glassy cell carcinoma of overlapping lesion of lung,Condition,ICDO3,S,y,y,y,n,y,y,y
44501411,From descendants,"Mucin-producing adenocarcinoma of lower lobe, lung",Condition,ICDO3,S,y,y,y,n,y,y,y
36563971,From descendants,"Mesothelioma, biphasic, malignant of lower lobe, lung",Condition,ICDO3,S,n,n,n,n,n,n,n
36530839,From descendants,"Adenocarcinoma with squamous metaplasia of lower lobe, lung",Condition,ICDO3,S,y,y,y,n,y,y,y
45772938,From descendants,Primary papillary squamous cell carcinoma of lung,Condition,SNOMED,S,y,y,y,n,y,y,y
44501471,From descendants,"Non-small cell carcinoma of middle lobe, lung",Condition,ICDO3,S,y,y,y,n,y,y,y
36562007,From descendants,"Malignant histiocytosis of upper lobe, lung",Condition,ICDO3,S,n,n,n,n,n,n,n
36564670,From descendants,"Medullary carcinoma, NOS, of upper lobe, lung",Condition,ICDO3,S,y,y,y,n,y,y,y
45768935,From descendants,Primary mucinous adenocarcinoma of trachea,Condition,SNOMED,S,y,y,y,n,y,y,y
45768931,From descendants,Primary non-mucinous bronchiolo-alveolar carcinoma of lung,Condition,SNOMED,S,y,y,y,n,y,y,y
42511836,From descendants,"Yolk sac tumor, NOS, of lower lobe, lung",Condition,ICDO3,S,n,n,n,n,n,n,n
4092218,From descendants,Malignant neoplasm of middle lobe bronchus,Condition,SNOMED,S,y,y,y,n,y,y,y
36565647,From descendants,"Large cell carcinoma, NOS, of overlapping lesion of lung",Condition,ICDO3,S,y,y,y,n,y,y,y
42539251,From descendants,Adenocarcinoma of left lung,Condition,SNOMED,S,y,y,y,n,y,y,y
44499455,From descendants,"Solitary fibrous tumor, malignant of upper lobe, lung",Condition,ICDO3,S,n,n,n,n,n,n,n
44500072,From descendants,"Mucinous adenocarcinoma of upper lobe, lung",Condition,ICDO3,S,y,y,y,n,y,y,y
36537250,From descendants,"Superficial spreading adenocarcinoma of lung, NOS",Condition,ICDO3,S,y,y,y,n,y,y,y
36556614,From descendants,"Clear cell adenocarcinoma, NOS, of middle lobe, lung",Condition,ICDO3,S,y,y,y,n,y,y,y
36555685,From descendants,"Medullary carcinoma, NOS, of middle lobe, lung",Condition,ICDO3,S,y,y,y,n,y,y,y
44500542,From descendants,"Small cell carcinoma, NOS, of lung, NOS",Condition,ICDO3,S,y,n,n,y,y,n,n
36520748,From descendants,"Adenocarcinoma of lung, mixed mucinous and non-mucinous of middle lobe, lung",Condition,ICDO3,S,y,y,y,n,y,y,y
36548193,From descendants,"Adenocarcinoma with cartilaginous and osseous metaplasia of lung, NOS",Condition,ICDO3,S,y,y,y,n,y,y,y
45768918,From descendants,Primary clear cell squamous cell carcinoma of lung,Condition,SNOMED,S,y,y,y,n,y,y,y
36541640,From descendants,"Squamous cell carcinoma, microinvasive of overlapping lesion of lung",Condition,ICDO3,S,y,y,y,n,y,y,y
36545761,From descendants,Hepatoid adenocarcinoma of main bronchus,Condition,ICDO3,S,y,y,y,n,y,y,y
36522427,From descendants,"Metaplastic carcinoma, NOS, of upper lobe, lung",Condition,ICDO3,S,y,y,y,n,y,y,y
36520883,From descendants,Malignant histiocytosis of main bronchus,Condition,ICDO3,S,n,n,n,n,n,n,n
44500614,From descendants,"Epithelioid mesothelioma, malignant of upper lobe, lung",Condition,ICDO3,S,y,y,y,n,y,y,y
36566002,From descendants,"Epithelioma, malignant of main bronchus",Condition,ICDO3,S,y,y,y,n,y,y,y
44500183,From descendants,"Large cell carcinoma, NOS, of middle lobe, lung",Condition,ICDO3,S,y,y,y,n,y,y,y
36543615,From descendants,"Adenocarcinoma with apocrine metaplasia of lower lobe, lung",Condition,ICDO3,S,y,y,y,n,y,y,y
45768932,From descendants,Primary mucinous bronchiolo-alveolar carcinoma of lung,Condition,SNOMED,S,y,y,y,n,y,y,y
36538582,From descendants,"Verrucous carcinoma, NOS, of lung, NOS",Condition,ICDO3,S,y,y,y,n,y,y,y
36557631,From descendants,"Malignant mastocytosis of lung, NOS",Condition,ICDO3,S,n,n,n,n,n,n,n
44501335,From descendants,"Squamous cell carcinoma, NOS, of main bronchus",Condition,ICDO3,S,y,y,y,n,y,y,y
36518535,From descendants,"Epithelioid mesothelioma, malignant of lower lobe, lung",Condition,ICDO3,S,y,y,y,n,y,y,y
36541713,From descendants,Basaloid squamous cell carcinoma of overlapping lesion of lung,Condition,ICDO3,S,y,y,y,n,y,y,y
4157333,From descendants,Malignant neoplasm of main bronchus,Condition,SNOMED,S,y,y,y,n,y,y,y
44503538,From descendants,"Carcinoma, undifferentiated, NOS, of upper lobe, lung",Condition,ICDO3,S,y,y,y,n,y,y,y
4094876,From descendants,"Malignant neoplasm of lower lobe, bronchus or lung",Condition,SNOMED,NA,y,y,y,n,y,y,y
44505016,From descendants,"Adenocarcinoma, NOS, of lung, NOS",Condition,ICDO3,S,y,y,y,n,y,y,y
36560845,From descendants,Acinar cell carcinoma of main bronchus,Condition,ICDO3,S,y,y,y,n,y,y,y
4100540,From descendants,Carcinoid bronchial adenoma,Condition,SNOMED,S,n,n,n,n,n,n,n
36562863,From descendants,"Hepatoid adenocarcinoma of middle lobe, lung",Condition,ICDO3,S,y,y,y,n,y,y,y
44501136,From descendants,"Cribriform carcinoma, NOS, of trachea",Condition,ICDO3,S,y,y,y,n,y,y,y
44499676,From descendants,"Carcinoma, anaplastic, NOS, of lower lobe, lung",Condition,ICDO3,S,y,y,y,n,y,y,y
36536437,From descendants,Adenoid cystic carcinoma of main bronchus,Condition,ICDO3,S,y,y,y,n,y,y,y
42512859,From descendants,"Minimally invasive adenocarcinoma, non-mucinous of lower lobe, lung",Condition,ICDO3,S,y,y,y,n,y,y,y
44500971,From descendants,"Large cell carcinoma, NOS, of lung, NOS",Condition,ICDO3,S,y,y,y,n,y,y,y
36525316,From descendants,Alveolar adenocarcinoma of main bronchus,Condition,ICDO3,S,y,y,y,n,y,y,y
36539915,From descendants,"Adenocarcinoma with apocrine metaplasia of lung, NOS",Condition,ICDO3,S,y,y,y,n,y,y,y
36550178,From descendants,Superficial spreading adenocarcinoma of trachea,Condition,ICDO3,S,y,y,y,n,y,y,y
36535997,From descendants,Pleomorphic carcinoma of trachea,Condition,ICDO3,S,y,y,y,n,y,y,y
36567179,From descendants,Granular cell carcinoma of main bronchus,Condition,ICDO3,S,y,y,y,n,y,y,y
36403024,From descendants,"Bronchio-alveolar carcinoma, non-mucinous in situ (C34._) of upper lobe, lung",Condition,ICDO3,S,n,n,n,n,n,n,n
36526753,From descendants,"Metaplastic carcinoma, NOS, of lung, NOS",Condition,ICDO3,S,y,y,y,n,y,y,y
42512168,From descendants,"CNS embryonal tumor, NOS, of lower lobe, lung",Condition,ICDO3,S,n,n,n,n,n,n,n
44504988,From descendants,"Carcinoma, NOS, of main bronchus",Condition,ICDO3,S,y,y,y,n,y,y,y
36549565,From descendants,"Fibrous mesothelioma, malignant of overlapping lesion of lung",Condition,ICDO3,S,n,n,n,n,n,n,n
42512258,From descendants,"Perivascular epithelioid tumor, malignant of overlapping lesion of lung",Condition,ICDO3,S,n,n,n,n,n,n,n
36545406,From descendants,"Glassy cell carcinoma of middle lobe, lung",Condition,ICDO3,S,y,y,y,n,y,y,y
36519531,From descendants,"Rhabdoid tumor, NOS, of middle lobe, lung",Condition,ICDO3,S,n,n,n,n,n,n,n
42512616,From descendants,"Minimally invasive adenocarcinoma, mucinous of overlapping lesion of lung",Condition,ICDO3,S,y,y,y,n,y,y,y
36523412,From descendants,"Schneiderian carcinoma of lower lobe, lung",Condition,ICDO3,S,y,y,y,n,y,y,y
44505004,From descendants,"Pleomorphic carcinoma of lung, NOS",Condition,ICDO3,S,y,y,y,n,y,y,y
4110589,From descendants,Large cell carcinoma of lung,Condition,SNOMED,S,y,y,y,n,y,y,y
36551562,From descendants,Adenocarcinoid tumor of main bronchus,Condition,ICDO3,S,y,y,y,n,y,y,y
36517557,From descendants,"Epithelioma, malignant of middle lobe, lung",Condition,ICDO3,S,y,y,y,n,y,y,y
45768880,From descendants,Primary mixed subtype adenocarcinoma of lung,Condition,SNOMED,S,y,y,y,n,y,y,y
44501559,From descendants,"Spindle cell carcinoma, NOS, of upper lobe, lung",Condition,ICDO3,S,y,y,y,n,y,y,y
36534747,From descendants,"Cribriform carcinoma, NOS, of middle lobe, lung",Condition,ICDO3,S,y,y,y,n,y,y,y
44505008,From descendants,"Non-small cell carcinoma of lung, NOS",Condition,ICDO3,S,y,y,y,n,y,y,y
36521066,From descendants,Scirrhous adenocarcinoma of main bronchus,Condition,ICDO3,S,y,y,y,n,y,y,y
36538830,From descendants,Cloacogenic carcinoma of overlapping lesion of lung,Condition,ICDO3,S,y,y,y,n,y,y,y
42512747,From descendants,"Adenocarcinoma in situ of lung, non-mucinous of lung, NOS",Condition,ICDO3,S,y,y,y,n,y,y,y
36536720,From descendants,Basaloid carcinoma of overlapping lesion of lung,Condition,ICDO3,S,y,y,y,n,y,y,y
36558075,From descendants,Malignant fibrous histiocytoma of main bronchus,Condition,ICDO3,S,n,n,n,n,n,n,n
44505018,From descendants,"Adenoid cystic carcinoma of lung, NOS",Condition,ICDO3,S,y,y,y,n,y,y,y
44500114,From descendants,"Carcinoma, undifferentiated, NOS, of middle lobe, lung",Condition,ICDO3,S,y,y,y,n,y,y,y
36553379,From descendants,"Epithelial-myoepithelial carcinoma of upper lobe, lung",Condition,ICDO3,S,y,y,y,n,y,y,y
36541038,From descendants,"Scirrhous adenocarcinoma of lower lobe, lung",Condition,ICDO3,S,y,y,y,n,y,y,y
36558543,From descendants,"Carcinoma, undifferentiated, NOS, of overlapping lesion of lung",Condition,ICDO3,S,y,y,y,n,y,y,y
36540041,From descendants,"Medullary carcinoma, NOS, of main bronchus",Condition,ICDO3,S,y,y,y,n,y,y,y
44505019,From descendants,"Solid carcinoma, NOS, of lung, NOS",Condition,ICDO3,S,y,y,y,n,y,y,y
36545286,From descendants,"Solid carcinoma, NOS, of middle lobe, lung",Condition,ICDO3,S,y,y,y,n,y,y,y
44500000,From descendants,"Small cell carcinoma, NOS, of middle lobe, lung",Condition,ICDO3,S,y,n,n,y,y,n,n
36537230,From descendants,"Verrucous carcinoma, NOS, of main bronchus",Condition,ICDO3,S,y,y,y,n,y,y,y
36539178,From descendants,"Myoepithelial carcinoma of lower lobe, lung",Condition,ICDO3,S,y,y,y,n,y,y,y
44505005,From descendants,"Spindle cell carcinoma, NOS, of lung, NOS",Condition,ICDO3,S,y,y,y,n,y,y,y
36539453,From descendants,Villous adenocarcinoma of trachea,Condition,ICDO3,S,y,y,y,n,y,y,y
36546205,From descendants,"Mesothelioma, malignant of upper lobe, lung",Condition,ICDO3,S,n,n,n,n,n,n,n
44502109,From descendants,"Mucoepidermoid carcinoma of middle lobe, lung",Condition,ICDO3,S,y,y,y,n,y,y,y
45768917,From descendants,Primary mucinous adenocarcinoma of lung,Condition,SNOMED,S,y,y,y,n,y,y,y
36538057,From descendants,"Schneiderian carcinoma of lung, NOS",Condition,ICDO3,S,y,y,y,n,y,y,y
44503098,From descendants,"Adenosquamous carcinoma of lower lobe, lung",Condition,ICDO3,S,y,y,y,n,y,y,y
36548902,From descendants,"Basaloid carcinoma of lower lobe, lung",Condition,ICDO3,S,y,y,y,n,y,y,y
42512801,From descendants,"Micropapillary carcinoma, NOS, of overlapping lesion of lung",Condition,ICDO3,S,y,y,y,n,y,y,y
44500577,From descendants,"Papillary carcinoma, NOS, of upper lobe, lung",Condition,ICDO3,S,y,y,y,n,y,y,y
36541263,From descendants,"Glassy cell carcinoma of upper lobe, lung",Condition,ICDO3,S,y,y,y,n,y,y,y
42511775,From descendants,"Nuclear protein in testis (NUT)-associated carcinoma of upper lobe, lung",Condition,ICDO3,S,n,n,n,n,n,n,n
36536903,From descendants,Adenocarcinoma with squamous metaplasia of overlapping lesion of lung,Condition,ICDO3,S,y,y,y,n,y,y,y
44500302,From descendants,Mucin-producing adenocarcinoma of main bronchus,Condition,ICDO3,S,y,y,y,n,y,y,y
36527417,From descendants,"Malignant histiocytosis of middle lobe, lung",Condition,ICDO3,S,n,n,n,n,n,n,n
44502329,From descendants,"Adenocarcinoma, NOS, of middle lobe, lung",Condition,ICDO3,S,y,y,y,n,y,y,y
36530069,From descendants,Mucin-producing adenocarcinoma of overlapping lesion of lung,Condition,ICDO3,S,y,y,y,n,y,y,y
36556287,From descendants,"Malignant mastocytosis of upper lobe, lung",Condition,ICDO3,S,n,n,n,n,n,n,n
36524072,From descendants,"Combined small cell carcinoma of middle lobe, lung",Condition,ICDO3,S,y,n,n,y,y,n,n
44505028,From descendants,"Mucoepidermoid carcinoma of lung, NOS",Condition,ICDO3,S,y,y,y,n,y,y,y
44502341,From descendants,"Mucinous adenocarcinoma of lower lobe, lung",Condition,ICDO3,S,y,y,y,n,y,y,y
36566849,From descendants,"Basal cell adenocarcinoma of lower lobe, lung",Condition,ICDO3,S,y,y,y,n,y,y,y
36521546,From descendants,Superficial spreading adenocarcinoma of overlapping lesion of lung,Condition,ICDO3,S,y,y,y,n,y,y,y
44501613,From descendants,"Papillary squamous cell carcinoma of upper lobe, lung",Condition,ICDO3,S,y,y,y,n,y,y,y
3189846,From ancestor,Genetic sequence variant detected in excised malignant neoplasm,Observation,Nebraska Lexicon,S,n,n,n,n,n,n,n
4129381,From ancestor,Neoplasm of left lower lobe of lung,Condition,SNOMED,S,n,n,n,n,n,n,n
35506730,From ancestor,Neuroendocrine tumour,Condition,MedDRA,C,n,n,n,n,n,n,n
3187219,From ancestor,Histologic grade of excised malignant neoplasm,Observation,Nebraska Lexicon,S,n,n,n,n,n,n,n
3185990,From ancestor,Nucleotide sequence observed,Observation,Nebraska Lexicon,S,n,n,n,n,n,n,n
43528515,From ancestor,Have you or anyone in your family ever been diagnosed with the following cancer conditions? Think only of the people you are related to by blood. Select all that apply.,Observation,PPI,S,n,n,n,n,n,n,n
4129380,From ancestor,Neoplasm of left upper lobe of lung,Condition,SNOMED,S,n,n,n,n,n,n,n
40482784,From ancestor,Malignant neoplasm of skeletal system,Condition,SNOMED,S,n,n,n,n,n,n,n
4186898,From ancestor,Chronic lung disease,Condition,SNOMED,S,n,n,n,n,n,n,n
607346,From ancestor,Family history of neoplasm of trachea,Observation,SNOMED,S,n,n,n,n,n,n,n
3178970,From ancestor,Anatomic pathology observable entity,Observation,Nebraska Lexicon,S,n,n,n,n,n,n,n
4154265,From ancestor,Presence of direct invasion by primary malignant neoplasm to lymphatic vessel and/or small blood vessel,Observation,SNOMED,S,n,n,n,n,n,n,n
3187009,From ancestor,MET sequence variant identified in excised malignant neoplasm,Observation,Nebraska Lexicon,S,n,n,n,n,n,n,n
4247725,From ancestor,Primary malignant neoplasm of blood vessel of thorax,Condition,SNOMED,S,n,n,n,n,n,n,n
36603307,From ancestor,Carcinoid tumours,Condition,MedDRA,C,n,n,n,n,n,n,n
4112742,From ancestor,Adenoma of lung,Condition,SNOMED,S,n,n,n,n,n,n,n
3179289,From ancestor,Status of tumor treatment effects by histology,Observation,Nebraska Lexicon,S,n,n,n,n,n,n,n
36617877,From ancestor,Lung neoplasm,Condition,MedDRA,C,n,n,n,n,n,n,n
37219939,From ancestor,Chronic respiratory disease,Condition,MedDRA,C,n,n,n,n,n,n,n
36517098,From ancestor,Sarcoma metastatic,Condition,MedDRA,C,n,n,n,n,n,n,n
35622758,From ancestor,Lymphoepithelial carcinoma,Condition,SNOMED,S,n,n,n,n,n,n,n
4181484,From ancestor,Malignant tumor of mediastinum,Condition,SNOMED,S,n,n,n,n,n,n,n
40480598,From ancestor,Malignant fibromatous neoplasm,Condition,SNOMED,S,n,n,n,n,n,n,n
4128887,From ancestor,Neoplasm of bronchus of left lower lobe,Condition,SNOMED,S,n,n,n,n,n,n,n
4110586,From ancestor,Tumor of lung parenchyma,Condition,SNOMED,S,n,n,n,n,n,n,n
36617821,From ancestor,Lung adenocarcinoma,Condition,MedDRA,C,y,y,y,n,y,y,y
4128888,From ancestor,Neoplasm of lung,Condition,SNOMED,S,n,n,n,n,n,n,n
36617875,From ancestor,Bronchial neoplasm,Condition,MedDRA,C,n,n,n,n,n,n,n
36617286,From ancestor,Yolk sac tumour site unspecified,Condition,MedDRA,C,n,n,n,n,n,n,n
4182336,From ancestor,Family history of neoplasm of lung,Observation,SNOMED,S,n,n,n,n,n,n,n
3184340,From ancestor,Gene rearrangement identified in excised malignant neoplasm,Observation,Nebraska Lexicon,S,n,n,n,n,n,n,n
3185471,From ancestor,BRAF sequence variant identified in excised malignant neoplasm,Observation,Nebraska Lexicon,S,n,n,n,n,n,n,n
35506718,From ancestor,Carcinoid tumour of the stomach,Condition,MedDRA,C,n,n,n,n,n,n,n
40488964,From ancestor,Malignant neoplasm of connective tissue,Condition,SNOMED,S,n,n,n,n,n,n,n
37219871,From ancestor,Pulmonary embolism,Condition,MedDRA,C,n,n,n,n,n,n,n
36617894,From ancestor,Lung neoplasm malignant,Condition,MedDRA,C,y,y,y,n,y,y,y
4298029,From ancestor,Adenosquamous cell carcinoma,Condition,SNOMED,S,n,n,n,n,n,n,n
35809212,From ancestor,Mucous membrane disorder,Condition,MedDRA,C,n,n,n,n,n,n,n
4128765,From ancestor,Neoplasm of bronchus of right lower lobe,Condition,SNOMED,S,n,n,n,n,n,n,n
40481907,From ancestor,Carcinoid tumor,Condition,SNOMED,S,n,n,n,n,n,n,n
36617224,From ancestor,Metastases to lung,Condition,MedDRA,C,n,n,n,n,n,n,n
3178132,From ancestor,KRAS sequence variant identified in excised malignant neoplasm,Observation,Nebraska Lexicon,S,n,n,n,n,n,n,n
36617802,From ancestor,Malignant mediastinal neoplasm,Condition,MedDRA,C,n,n,n,n,n,n,n
35502632,From ancestor,Endocrine neoplasms NEC,Condition,MedDRA,C,n,n,n,n,n,n,n
36603411,From ancestor,Respiratory tract and pleural neoplasms malignant cell type unspecified NEC,Condition,MedDRA,C,n,n,n,n,n,n,n
40482859,From ancestor,Malignant carcinoid tumor,Condition,SNOMED,S,n,n,n,n,n,n,n
40391775,From ancestor,Malignant teratoma,Condition,SNOMED,S,n,n,n,n,n,n,n
36617882,From ancestor,Tracheal neoplasm,Condition,MedDRA,C,n,n,n,n,n,n,n
4311499,From ancestor,Primary malignant neoplasm of respiratory tract,Condition,SNOMED,S,y,y,n,n,y,y,n
4129254,From ancestor,Neoplasm of trachea,Condition,SNOMED,S,n,n,n,n,n,n,n
4154260,From ancestor,Presence of direct invasion by neoplasm,Observation,SNOMED,S,n,n,n,n,n,n,n
80665,From ancestor,Malignant neoplasm of thorax,Condition,SNOMED,S,n,n,n,n,n,n,n
37203776,From ancestor,Respiratory tract neoplasms NEC,Condition,MedDRA,C,n,n,n,n,n,n,n
36617297,From ancestor,Metastatic neoplasm,Condition,MedDRA,C,n,n,n,n,n,n,n
40484156,From ancestor,Malignant adenomatous neoplasm,Condition,SNOMED,S,n,n,n,n,n,n,n
765158,From ancestor,Adenocarcinoma in villous adenoma,Condition,SNOMED,S,n,n,n,n,n,n,n
4131453,From ancestor,Neoplasm of bronchus of left upper lobe,Condition,SNOMED,S,n,n,n,n,n,n,n
3519135,From ancestor,Histologic type of primary malignant neoplasm,Observation,Nebraska Lexicon,S,n,n,n,n,n,n,n
35506719,From ancestor,Carcinoid tumour pulmonary,Condition,MedDRA,C,n,n,n,n,n,n,n
317801,From ancestor,Primary malignant neoplasm of soft tissues of thorax,Condition,SNOMED,S,n,n,n,n,n,n,n
4129255,From ancestor,Neoplasm of carina,Condition,SNOMED,S,n,n,n,n,n,n,n
36617803,From ancestor,Malignant neoplasm of thorax,Condition,MedDRA,C,n,n,n,n,n,n,n
4298030,From ancestor,Verrucous squamous cell carcinoma,Condition,SNOMED,S,n,n,n,n,n,n,n
43053687,From ancestor,Soft tissue neoplasms malignant and unspecified,Condition,MedDRA,C,n,n,n,n,n,n,n
36617333,From ancestor,Tumour embolism,Condition,MedDRA,C,n,n,n,n,n,n,n
4054524,From ancestor,Neoplasm of hilus of lung,Condition,SNOMED,S,n,n,n,n,n,n,n
4128889,From ancestor,Neoplasm of right upper lobe of lung,Condition,SNOMED,S,n,n,n,n,n,n,n
4102370,From ancestor,Tumor embolus,Condition,SNOMED,S,n,n,n,n,n,n,n
43054102,From ancestor,Small cell lung cancer,Condition,MedDRA,C,y,n,n,y,y,n,n
37420426,From ancestor,Familial risk factor,Observation,MedDRA,C,n,n,n,n,n,n,n
36617835,From ancestor,Lung squamous cell carcinoma stage unspecified,Condition,MedDRA,C,y,y,y,n,y,y,y
4055272,From ancestor,Neoplasm of bronchus of right upper lobe,Condition,SNOMED,S,n,n,n,n,n,n,n
36716620,From ancestor,Malignant epithelial neoplasm,Condition,SNOMED,S,n,n,n,n,n,n,n
42889114,From ancestor,Neuroendocrine carcinoma metastatic,Condition,MedDRA,C,n,n,n,n,n,n,n
4301642,From ancestor,Malignant peripheral nerve sheath tumor,Condition,SNOMED,S,n,n,n,n,n,n,n
4312698,From ancestor,Primary malignant neoplasm of trunk,Condition,SNOMED,S,n,n,n,n,n,n,n
4054525,From ancestor,Neoplasm of bronchus of right middle lobe,Condition,SNOMED,S,n,n,n,n,n,n,n
4055271,From ancestor,Neoplasm of main bronchus,Condition,SNOMED,S,n,n,n,n,n,n,n
40481499,From ancestor,Malignant fibrous histiocytoma,Condition,SNOMED,S,n,n,n,n,n,n,n
44782609,From ancestor,Primitive neuroectodermal tumor,Condition,SNOMED,S,n,n,n,n,n,n,n
36617836,From ancestor,Non-small cell lung cancer,Condition,MedDRA,C,y,y,y,n,y,y,y
4077967,From ancestor,Lesion of mucosa,Condition,SNOMED,S,n,n,n,n,n,n,n
40493428,From ancestor,Malignant neoplasm of respiratory system,Condition,SNOMED,S,n,n,n,n,n,n,n
4300118,From ancestor,Squamous cell carcinoma,Condition,SNOMED,S,n,n,n,n,n,n,n
43054090,From ancestor,Squamous cell carcinoma of lung,Condition,MedDRA,C,y,y,y,n,y,y,y
438693,From ancestor,Primary malignant neoplasm of mediastinum,Condition,SNOMED,S,n,n,n,n,n,n,n
4112735,From ancestor,Neoplasm of lower respiratory tract,Condition,SNOMED,S,n,n,n,n,n,n,n
3189881,From ancestor,ERBB2 sequence variant identified in excised malignant neoplasm,Observation,Nebraska Lexicon,S,n,n,n,n,n,n,n
35506710,From ancestor,Carcinoid tumour,Condition,MedDRA,C,n,n,n,n,n,n,n
257513,From ancestor,Carcinoid tumor of lung,Condition,SNOMED,S,y,y,y,n,y,y,y
4300688,From ancestor,Yolk sac tumor,Condition,SNOMED,S,n,n,n,n,n,n,n
36712771,From ancestor,Small cell carcinoma,Condition,SNOMED,S,n,n,n,n,n,n,n
4116234,From ancestor,"Carcinoma of bone, connective tissue, skin and breast",Condition,SNOMED,S,n,n,n,n,n,n,n
4247331,From ancestor,Primary malignant neoplasm of intrathoracic organs,Condition,SNOMED,S,n,n,n,n,n,n,n
4005302,From ancestor,Anomaly of laryngeal and/or tracheal cartilage,Condition,SNOMED,S,n,n,n,n,n,n,n
4171594,From ancestor,Family history of cancer,Observation,SNOMED,S,n,n,n,n,n,n,n
3184813,From ancestor,EGFR sequence variant identified in excised malignant neoplasm,Observation,Nebraska Lexicon,S,n,n,n,n,n,n,n
36617304,From ancestor,Squamous cell carcinoma,Condition,MedDRA,C,n,n,n,n,n,n,n
4293438,From ancestor,Anatomic location directly invaded by primary malignant neoplasm,Observation,SNOMED,S,n,n,n,n,n,n,n
4318379,From ancestor,Disorder of mucous membrane,Condition,SNOMED,S,n,n,n,n,n,n,n
764225,From ancestor,Recurrent malignant neoplastic disease,Condition,SNOMED,S,n,n,n,n,n,n,n
4054526,From ancestor,Neoplasm of right lower lobe of lung,Condition,SNOMED,S,n,n,n,n,n,n,n
36603406,From ancestor,Non-small cell neoplasms malignant of the respiratory tract cell type specified,Condition,MedDRA,C,y,y,n,n,y,y,n
4130198,From ancestor,Malignant histiocytic disorder,Condition,SNOMED,S,n,n,n,n,n,n,n
36617245,From ancestor,Metastasis,Condition,MedDRA,C,n,n,n,n,n,n,n
602272,From ancestor,Histologic grade of primary malignant neoplasm,Observation,SNOMED,S,n,n,n,n,n,n,n
4131454,From ancestor,Neoplasm of right middle lobe of lung,Condition,SNOMED,S,n,n,n,n,n,n,n
4244984,From ancestor,Tumor focality,Observation,SNOMED,S,n,n,n,n,n,n,n
36617886,From ancestor,Lung cancer metastatic,Condition,MedDRA,C,y,y,y,n,y,y,y
4055270,From ancestor,Neoplasm of bronchus,Condition,SNOMED,S,n,n,n,n,n,n,n
4264604,From ancestor,Histologic feature of neoplasm,Observation,SNOMED,S,n,n,n,n,n,n,n
601967,From ancestor,Histologic type of primary malignant neoplasm,Observation,SNOMED,S,n,n,n,n,n,n,n
37203775,From ancestor,Lower respiratory tract neoplasms,Condition,MedDRA,C,n,n,n,n,n,n,n
440417,From ancestor,Pulmonary embolism,Condition,SNOMED,S,n,n,n,n,n,n,n
4112739,From orphan,Oat cell carcinoma of lung,Condition,SNOMED,S,n,n,n,y,n,n,n
44499726,From orphan,"Squamous cell carcinoma, large cell, nonkeratinizing, NOS, of lung, NOS",Condition,ICDO3,S,y,y,y,n,y,y,y
44499794,From orphan,"Squamous cell carcinoma, large cell, nonkeratinizing, NOS, of upper lobe, lung",Condition,ICDO3,S,y,y,y,n,y,y,y
44500190,From orphan,"Squamous cell carcinoma, keratinizing, NOS, of lower lobe, lung",Condition,ICDO3,S,y,y,y,n,y,y,y
44500433,From orphan,"Squamous cell carcinoma, large cell, nonkeratinizing, NOS, of main bronchus",Condition,ICDO3,S,y,y,y,n,y,y,y
44501188,From orphan,"Squamous cell carcinoma, keratinizing, NOS, of main bronchus",Condition,ICDO3,S,y,y,y,n,y,y,y
44501707,From orphan,"Squamous cell carcinoma, keratinizing, NOS, of lung, NOS",Condition,ICDO3,S,y,y,y,n,y,y,y
44502921,From orphan,"Squamous cell carcinoma, keratinizing, NOS, of middle lobe, lung",Condition,ICDO3,S,y,y,y,n,y,y,y
44503136,From orphan,"Squamous cell carcinoma, keratinizing, NOS, of upper lobe, lung",Condition,ICDO3,S,y,y,y,n,y,y,y
44503138,From orphan,"Squamous cell carcinoma, large cell, nonkeratinizing, NOS, of lower lobe, lung",Condition,ICDO3,S,y,y,y,n,y,y,y
36520827,From orphan,"Squamous cell carcinoma, large cell, nonkeratinizing, NOS, of overlapping lesion of lung",Condition,ICDO3,S,y,y,y,n,y,y,y
36547553,From orphan,"Tumor cells, malignant of upper lobe, lung",Condition,ICDO3,S,y,y,y,n,y,y,y
36564290,From orphan,"Tumor cells, malignant of lower lobe, lung",Condition,ICDO3,S,y,y,y,n,y,y,y
36568135,From orphan,"Tumor cells, malignant of main bronchus",Condition,ICDO3,S,y,y,y,n,y,y,y
36568204,From orphan,"Tumor cells, malignant of lung, NOS",Condition,ICDO3,S,y,y,y,n,y,y,y
